"LIBNAME","ZIP","POPU_LSA","CENTLIB","BRANLIB","MASTER","LIBRARIA","OTHPAID","TOTSTAFF","LOCGVT","STGVT","FEDGVT","TOTINCM","SALARIES","TOTEXPCO","TOTOPEXP","CAP_REV","CAPITAL","HRS_OPEN","VISITS","REGBOR","TOTCIR","TOTCOLL","TOTPRO","TOTATTEN","PITUSR","WIFISESS","LONGITUD","LATITUDE","CNTYPOP"
"ALVAH N. BELDING MEMORIAL LIBRARY",48809,11000,1,0,0.8,2.6,2.1,4.7,242550,7626,0,250176,135654,26022,277861,0,116389,2110,46477,2745,30591,30591,237,3445,4668,8111,-85.2268,43.09777,64210
"ANN ARBOR DISTRICT LIBRARY",48104,163590,1,4,18,18,156,174,15842212,122546,0,16430551,6549058,1588619,14690756,0,118068,18997,1851354,60100,6128574,6238503,2305,140150,133319,1041100,-83.7461,42.2783,370963
"ARMADA FREE PUBLIC LIBRARY",48005,5379,1,0,1,1,2.75,3.75,322994,3518,0,333562,123387,33657,241930,0,0,2600,22013,1957,31905,31905,73,1288,674,6942,-82.8832,42.84188,874759
"ATHENS COMMUNITY LIBRARY",49011,4265,1,0,0,0.5,0.78,1.28,43298,2789,0,46087,-9,4903,49230,0,0,2132,7602,1453,5660,6088,18,26,1272,2451,-85.236,42.08835,134487
"AUBURN HILLS PUBLIC LIBRARY",48326,21412,1,0,5.9,6.3,7.45,13.75,1324446,15634,0,1368390,361778,60854,648963,0,254039,3018,121801,9567,142982,158854,694,10930,21184,9542,-83.2221,42.66982,1259201
"AUGUSTA-ROSS TOWNSHIP DISTRICT LIBRARY",49012,7172,1,0,0,2.15,0.21,2.36,167052,6236,0,186261,125989,20059,185382,0,7140,2118,26361,3348,30086,30711,44,1064,2376,1188,-85.3518,42.33527,264870
"BACON MEMORIAL DISTRICT LIBRARY",48192,25883,1,0,4.1,4.1,6.05,10.15,843336,18981,0,1400459,365661,91513,795172,0,46509,2870,138183,6818,114306,122917,301,6308,26382,7175,-83.1483,42.20759,1753893
"BAD AXE AREA DISTRICT LIBRARY",48413,6621,1,0,0,1,2.5,3.5,240049,4590,0,265572,125954,24662,227070,0,0,2830,36322,6000,35599,37564,208,4059,4510,19364,-82.9973,43.80099,31166
"BALDWIN PUBLIC LIBRARY",48009,35350,1,0,15.3,15.3,19.14,34.44,4067323,25923,0,4194908,1452227,564910,3256297,32724,142767,3359,267938,16151,503941,521378,1213,35959,15098,237076,-83.2177,42.54514,1259201
"BARRYTON PUBLIC LIBRARY",49305,4075,1,1,0,1.9,0.95,2.85,126270,2825,0,141931,84069,20946,142869,0,0,3236,12566,2271,16779,16779,5,222,5233,4168,-85.1448,43.75003,43545
"BAY COUNTY LIBRARY SYSTEM",48708,107681,1,3,11,11.08,52.54,63.62,6274767,71285,0,6526042,2436772,546900,4741401,0,0,10636,335728,58018,656131,813359,1886,80619,70099,0,-83.8855,43.59782,103923
"SUPERIOR DISTRICT LIBRARY",49783,40841,1,7,1.95,8.7,5.63,14.33,905703,29730,2500,1065162,509517,101435,1086849,0,38611,12785,285765,16908,120327,120387,1204,33160,34490,20885,-84.3485,46.49564,37517
"BEAVER ISLAND DISTRICT LIBRARY",49782,657,1,0,0,1.13,0.15,1.28,114379,429,0,126787,-9,11874,133091,0,5655,2400,14822,2076,14348,14348,96,592,2866,0,-85.5236,45.74683,26244
"BELLAIRE PUBLIC LIBRARY",49615,3769,1,0,0,1,1.38,2.38,118949,2465,0,142872,65563,28694,138128,0,5401,1892,34066,847,29902,57902,110,3268,6976,3500,-85.2099,44.97514,23365
"BELLEVUE TOWNSHIP LIBRARY",49021,3150,1,0,0,0.63,0,0.63,30953,2060,0,34882,-9,1452,34882,0,0,1212,4194,2180,9213,9213,0,0,1048,83,-85.018,42.44523,109826
"BRIGGS DISTRICT LIBRARY",48879,21705,1,0,2,3,3.85,6.85,587679,15917,0,640548,292915,51215,491243,0,0,2638,91109,7356,84731,84864,353,7833,6080,5938,-84.5581,43.00441,79332
"BENTON HARBOR PUBLIC LIBRARY",49022,24787,1,0,2.75,2.75,6.73,9.48,543559,24754,0,602889,283916,49669,531298,0,71095,2513,71914,7368,53739,53739,396,5217,15120,15811,-86.4533,42.11553,154141
"POTTERVILLE-BENTON TOWNSHIP DISTRICT LIBRARY",48876,5413,1,0,0,0.68,1.15,1.83,88841,3969,0,95151,-9,7820,90623,0,108095,1612,9203,2609,18584,18595,137,1613,1385,193,-84.7406,42.63043,109826
"BENZONIA PUBLIC LIBRARY",49616,3623,1,0,0,1.64,0.15,1.79,82089,2512,0,105051,-9,15142,103853,21,0,2288,30271,1126,36035,36035,304,4744,3450,8112,-86.0991,44.6185,17753
"BERKLEY PUBLIC LIBRARY",48072,14970,1,0,3.4,3.4,5.95,9.35,634682,10379,1892,710938,353589,71866,658242,0,52696,2650,116217,7396,150004,150004,223,5242,16906,21000,-83.1838,42.50107,1259201
"BERRIEN SPRINGS COMMUNITY LIBRARY",49103,9197,1,0,1,2,4.33,6.33,309545,6016,0,346719,171350,39700,314009,0,0,2754,104823,5119,74397,75062,495,5393,16427,3049,-86.3411,41.94854,154141
"BESSEMER PUBLIC LIBRARY",49911,5414,1,0,1,1,0.35,1.35,82535,2000,0,89305,-9,18330,106079,0,4674,1825,9855,1329,18244,18244,13,276,1765,1359,-90.0503,46.47837,15096
"BETSIE VALLEY DISTRICT LIBRARY",49683,2937,1,0,0,1.3,0,1.3,76168,2154,0,84163,-9,7674,71910,0,2802,1820,7088,1874,6424,6424,55,1472,1109,957,-85.9433,44.51947,17753
"DARCY LIBRARY OF BEULAH",49617,3179,1,0,0.95,1.73,0,1.73,77919,2204,0,112085,-9,20998,101295,0,25251,1716,18530,1551,17454,17454,32,556,5413,1778,-86.0946,44.62832,17753
"BIG RAPIDS COMMUNITY LIBRARY",49307,20025,1,0,2,2,3.95,5.95,390880,13883,0,449254,178944,29005,437559,0,175919,2080,37329,4873,57395,57395,279,4958,8616,5492,-85.4818,43.69394,43545
"BLAIR MEMORIAL LIBRARY",48017,11825,1,0,1.8,1.8,4.09,5.89,464806,8198,2924,493115,210202,57173,482244,0,0,1976,85888,4215,94549,94851,256,4061,14231,20075,-83.1464,42.53683,1259201
"BLOOMFIELD TOWNSHIP PUBLIC LIBRARY",48302,41070,1,0,17.63,17.63,36.9,54.53,7041271,26864,0,7287080,2760655,754571,6112228,0,492100,3434,223709,34436,835873,835873,782,23097,25190,63258,-83.2816,42.56673,1259201
"BOYNE DISTRICT LIBRARY",49712,7226,1,0,1,1,6.69,7.69,521885,4727,0,579582,251278,58422,541939,0,56015,3248,63176,4555,55730,55730,226,3440,10156,11769,-85.0132,45.21187,26244
"BRANCH DISTRICT LIBRARY",49036,46905,1,5,6,12.13,10.8,22.93,1553801,30680,0,1705819,1067039,180314,1656748,234848,82899,11024,193922,25685,154139,188186,1279,22944,44181,425714,-85.0004,41.94055,43622
"BRANDON TOWNSHIP PUBLIC LIBRARY",48462,15175,1,0,3.75,8.53,6.28,14.81,1024542,9926,0,1087124,414776,100004,853590,0,17163,3224,28480,5899,95911,106610,596,11215,9079,6570,-83.4471,42.84818,1259201
"BRIDGEPORT PUBLIC LIBRARY",48601,12667,1,0,1,3,1.13,4.13,323756,8285,0,362147,174493,18950,353019,0,8800,3120,58543,6029,25046,25393,61,612,16348,5200,-83.9071,43.3733,190800
"BRIDGMAN PUBLIC LIBRARY",49106,6296,1,0,1,3.8,3,6.8,373525,4048,0,428045,243578,34214,414151,0,3300,2708,67973,3498,57980,58632,502,7543,13089,12384,-86.5606,41.9429,154141
"BRIGHTON DISTRICT LIBRARY",48116,43254,1,0,10.69,10.69,17.59,28.28,1996023,23151,0,2113583,1061432,164913,1825239,957,177093,3100,185800,13853,360826,418166,481,12729,30649,12444,-83.7906,42.54198,191224
"BROWN CITY PUBLIC LIBRARY",48416,4005,1,0,0,0.8,0.13,0.93,33863,2619,0,47065,-9,3512,46804,0,0,1648,3000,1095,7000,7000,6,268,1230,400,-82.9975,43.21199,41182
"BUCHANAN DISTRICT LIBRARY",49107,10090,1,0,1,5,2.25,7.25,462076,6995,0,480447,214799,34799,428206,30039,231862,2752,47894,3057,68761,69288,310,4908,7026,13617,-86.3601,41.82733,154141
"BULLARD SANFORD MEMORIAL LIBRARY",48768,9705,1,0,1,1,3.78,4.78,315694,15096,1400,354335,136932,30386,495235,0,97923,2392,49607,3316,27731,27731,98,2394,6807,3285,-83.5885,43.37232,52516
"BURLINGTON TOWNSHIP LIBRARY",49029,1941,1,0,0.14,1.25,0.82,2.07,104646,1212,0,110216,56163,14136,114548,0,11674,1574,10604,1050,14396,14396,107,1365,2039,1091,-85.0783,42.10508,134487
"BURR OAK TOWNSHIP LIBRARY",49030,2611,1,0,0,0.7,0,0.7,26500,1900,0,28400,-9,3750,24550,0,0,1400,2000,1537,1125,1125,13,134,514,337,-85.3167,41.84564,61043
"CADILLAC WEXFORD PUBLIC LIBRARY",49601,35087,1,4,3,4,12.78,16.78,933253,81081,0,1058790,593924,89459,1011130,1493,16162,9643,151567,25628,198615,239061,585,13205,34561,36260,-85.3997,44.24691,33466
"CALUMET PUBLIC-SCHOOL LIBRARY",49913,8692,1,0,0,2.14,2.38,4.52,12276,6374,0,119309,75126,14442,112935,0,62685,2015,35809,4663,31413,32156,52,465,2532,0,-88.4447,47.24693,36219
"CAMDEN TOWNSHIP LIBRARY",49232,4191,1,0,0,0.7,0.55,1.25,37016,2741,0,42919,-9,8973,66374,2049,2542,1518,7054,508,11826,11950,357,5567,1078,425,-84.7575,41.75512,45749
"CANTON PUBLIC LIBRARY",48188,90173,1,0,19.83,19.83,36.64,56.47,5451147,58982,0,5717346,2591072,750254,5904438,0,1134836,3594,527202,72852,1307040,1353833,1041,28069,85485,123672,-83.4867,42.29767,1753893
"CARP LAKE TOWNSHIP LIBRARY",49971,722,1,0,0,0.5,0.08,0.58,23508,472,0,26331,-9,2101,26291,0,614,806,2354,225,2689,2689,1,1,842,9,-89.5819,46.75773,5795
"CARSON CITY PUBLIC LIBRARY",48811,10857,1,1,0,3.33,0.93,4.26,178145,9051,0,205419,120408,20219,205400,0,192090,4141,44000,2002,28046,29116,85,1907,5520,6354,-84.8466,43.17699,63968
"CASS DISTRICT LIBRARY",49031,38002,1,4,1.65,12.38,3.1,15.48,1188000,24437,0,1268286,491188,124883,1074515,0,52351,11661,62085,6091,128631,129368,327,5452,32361,30000,-86.0164,41.92055,51653
"CEDAR SPRINGS PUBLIC LIBRARY",49319,9483,1,0,0,1,2,3,172713,6569,0,245084,100894,17065,193413,10578,11038,2236,67275,2775,55423,55423,195,7186,7871,18100,-85.5512,43.22558,653786
"CENTER LINE PUBLIC LIBRARY",48015,8257,1,0,2,2,3.18,5.18,268206,5724,0,290595,107063,37948,261574,0,0,2184,42871,3831,32502,32834,172,1768,7449,5121,-83.0298,42.4793,874759
"CENTRAL LAKE DISTRICT LIBRARY",49622,3995,1,0,0,0.93,1.33,2.26,145709,2681,0,148390,74503,10638,134873,0,0,2316,17012,3295,19335,19335,288,2161,5791,7625,-85.2626,45.07091,23365
"CHARLES A. RANSOM DISTRICT LIBRARY",49080,15068,1,0,1,2,4.95,6.95,763874,9856,0,785490,276588,63839,521672,0,8528,3109,77841,9044,170949,170949,521,7951,16143,10000,-85.6343,42.44185,117327
"CHARLEVOIX PUBLIC LIBRARY",49720,9810,1,0,4.58,6.45,6.05,12.5,917048,6672,0,1092389,451926,84955,1002088,0,41860,2931,110456,3540,94478,100227,437,10985,16236,14227,-85.2614,45.31704,26244
"CHARLOTTE COMMUNITY LIBRARY",48813,23157,1,0,1.88,5.39,4.45,9.84,477688,11400,0,499938,311601,73302,719931,0,165095,2985,82928,9218,180031,180031,249,10613,11000,11000,-84.8372,42.56185,109826
"CHASE TOWNSHIP PUBLIC LIBRARY",49623,1854,1,0,0,0.88,0,0.88,31282,1212,0,48298,-9,677,32868,0,2857,1820,3297,1676,10250,10250,41,1020,246,208,-85.6344,43.88963,11881
"CHEBOYGAN AREA PUBLIC LIBRARY",49721,13894,1,0,3,3,4.9,7.9,502733,9633,0,540563,263405,38562,517235,222374,0,2627,95293,4494,142401,142401,1035,14285,8362,0,-84.4801,45.64384,25413
"RIVER RAPIDS DISTRICT LIBRARY",48616,4659,1,0,0,1,2.2,3.2,131241,3417,0,327372,67147,23914,138318,0,0,1664,25385,3200,18656,18656,93,1360,2750,1860,-84.1131,43.1836,190800
"CLINTON TOWNSHIP PUBLIC LIBRARY",49236,3604,1,0,1,1,2.03,3.03,145906,2643,0,160675,90330,17067,148940,0,0,2329,22652,3489,44775,45142,75,1413,4457,506,-83.9719,42.07281,98266
"COLEMAN AREA LIBRARY",48618,4622,1,0,0,0.83,2.18,3.01,137753,3023,0,155469,82710,12031,139883,0,2223,1851,20774,1092,17037,17037,35,531,2308,206,-84.5822,43.75465,83209
"COLOMA PUBLIC LIBRARY",49038,12982,1,0,2,3.93,0.93,4.86,329588,9031,0,369327,193595,34730,344148,229168,238372,2470,49985,12644,86223,91760,114,2022,14727,10330,-86.3074,42.18614,154141
"COLON TOWNSHIP LIBRARY",49040,3803,1,0,0,2.13,0.2,2.33,118515,2487,0,124502,62400,14495,114895,74102,74102,1872,25186,4602,22189,25123,244,2113,3333,2964,-85.3254,41.95851,61043
"COLUMBIA TOWNSHIP LIBRARY",48767,2373,1,0,0.65,0.95,0.74,1.69,96188,3050,0,106587,-9,13439,77237,0,5196,2018,7990,1249,10955,10955,95,859,910,49,-83.4663,43.65369,52516
"COMSTOCK TOWNSHIP LIBRARY",49041,14854,1,0,5.5,5.5,4.63,10.13,824723,9716,0,849677,407649,93481,791880,0,100671,2920,54983,2324,111745,112512,415,8165,9372,2399,-85.5096,42.28627,264870
"CONSTANTINE TOWNSHIP LIBRARY",49042,4986,1,0,0,2.17,0.99,3.16,156015,3261,0,170031,95729,16775,168930,0,3875,2352,13600,2615,21757,21790,251,3024,5922,630,-85.6699,41.84098,61043
"COOPERSVILLE AREA DISTRICT LIBRARY",49404,11862,1,0,1.43,4.73,0.25,4.98,342713,8698,0,401061,181060,51354,414566,50000,23868,2184,54656,5898,65893,66175,311,8053,5443,9241,-85.9351,43.06494,290494
"CRAWFORD COUNTY LIBRARY",49738,14074,1,1,0.93,1.93,6.2,8.13,483682,0,0,483682,199301,23173,417689,0,35545,4490,66196,6882,51102,60278,648,8919,16665,15230,-84.7076,44.66494,13901
"CROMAINE DISTRICT LIBRARY",48353,26391,1,0,9,9,9.5,18.5,1888804,18297,0,1907101,757095,193607,1455202,0,496820,3308,126500,10044,349871,426004,909,41100,7818,25793,-83.7541,42.65866,191224
"CROOKED TREE DISTRICT LIBRARY",49796,3953,1,1,2.4,2.4,1.28,3.68,155225,2741,0,225222,74892,16528,190837,0,0,2658,7727,2418,11546,11546,123,888,2017,0,-84.9307,45.26714,26244
"CRYSTAL FALLS DISTRICT COMMUNITY LIBRARY",49920,3453,1,0,0,0.75,2.7,3.45,170554,2258,0,177529,88513,33349,164943,2000,1624,2563,20528,1941,19709,19709,39,502,2858,4165,-88.3302,46.09674,11117
"DEARBORN PUBLIC LIBRARY",48126,98153,1,2,16.3,16.3,38.45,54.75,5687548,1076177,0,6916693,2397185,500000,6112582,0,202986,6972,347374,31435,471918,552780,924,23147,188636,16660,-83.2026,42.31381,1753893
"DECKERVILLE PUBLIC LIBRARY",48427,4514,1,0,0,1.1,0.4,1.5,83730,2953,0,89736,-9,12071,54654,0,3582,1507,15123,1665,15943,16384,31,608,583,1375,-82.7349,43.52827,41182
"DELTON DISTRICT LIBRARY",49046,10021,1,0,0,2.1,0.58,2.68,127089,6555,0,133644,96000,12456,152337,0,0,2392,75000,3209,37000,37000,96,4351,10828,13000,-85.4086,42.50384,61157
"DETOUR AREA SCHOOL AND PUBLIC LIBRARY",49725,2190,1,0,0,0,0.88,0.88,63269,797,0,68258,-9,5572,47687,0,0,1715,5357,536,3243,3243,110,1838,648,1758,-83.9053,45.99372,37517
"DETROIT PUBLIC LIBRARY",48202,713777,1,20,90,90,226,316,27589307,2780879,35010,31876759,12779893,1408731,31876759,0,0,37664,2891755,163516,785564,789553,21584,230047,294129,82391,-83.0651,42.35805,1753893
"DEXTER DISTRICT LIBRARY",48130,19591,1,0,9.6,9.6,6.05,15.65,1412168,14367,3242,1573967,733730,195562,1399172,0,20110,3650,174620,11845,313216,331860,687,45070,32167,14983,-83.8888,42.34001,370963
"DICKINSON COUNTY LIBRARY",49801,26168,1,2,1,2.88,10.51,13.39,1075101,32705,0,1207578,444804,107270,1147907,0,6500,6400,115333,10548,168131,169078,283,9267,17293,14962,-88.0637,45.81927,25383
"DORR TOWNSHIP LIBRARY",49323,7439,1,0,1,2.3,1.75,4.05,168605,7957,0,193607,95587,44448,167792,6364,0,2100,37854,3749,52794,55507,500,12976,10284,3231,-85.7225,42.73368,117327
"DOWAGIAC DISTRICT LIBRARY",49047,13306,1,0,1,6.25,0,6.25,385136,9758,0,440630,189277,47603,352873,0,13059,2695,56653,11111,39119,39119,243,3668,18659,3356,-86.1103,41.98316,51653
"DOWLING PUBLIC LIBRARY",49058,4869,1,0,0,0.73,0.73,1.46,50626,3185,0,56151,-9,5638,54565,0,884,1800,6020,1819,9002,9002,4,57,801,352,-85.2521,42.52245,61157
"DRYDEN TOWNSHIP LIBRARY",48428,4768,1,0,0,0.8,1.45,2.25,83131,3496,0,94395,62450,20484,124677,0,0,1755,24896,1831,14656,14677,77,673,1947,976,-83.1258,42.94595,88028
"WHITE CLOUD COMMUNITY LIBRARY",49349,8533,1,0,0,5.71,0,5.71,335227,5916,0,341143,199395,36997,314430,11096,600,2388,45799,2335,55416,55416,170,1428,3793,7972,-85.7759,43.55009,48892
"EASTPOINTE MEMORIAL LIBRARY",48021,32442,1,0,4.25,4.25,3.6,7.85,900428,22492,0,944082,420361,69655,903656,0,0,2455,80440,16413,93505,100938,330,4378,20692,14954,-82.9574,42.46264,874759
"EAST LANSING PUBLIC LIBRARY",48823,48579,1,0,6.1,8.73,7.53,16.26,1966464,33679,1444,2354589,823839,325349,2031624,49704,65657,3094,241897,17208,307483,308723,1187,39594,28468,60813,-84.4836,42.74339,292735
"EATON RAPIDS AREA DISTRICT LIBRARY",48827,12670,1,0,1,1.65,1.83,3.48,212204,8784,0,232449,133552,21195,232449,0,0,2233,31854,2503,26256,26813,259,5241,5984,5204,-84.6558,42.51123,109826
"EAU CLAIRE DISTRICT LIBRARY",49111,7392,1,0,1,1,2.43,3.43,230774,5125,0,245977,116972,22716,236835,0,12528,2416,11167,5416,25684,25684,58,579,6142,4637,-86.2988,41.9853,154141
"ELK RAPIDS DISTRICT LIBRARY",49629,5432,1,0,0,1,3.63,4.63,332643,3553,0,351507,161593,32780,273030,0,32817,3016,45965,3176,40442,40442,108,3131,6230,12975,-85.4162,44.89933,23365
"ELK TOWNSHIP LIBRARY",48466,2769,1,0,0,0.88,0,0.88,44763,2684,0,48724,-9,7400,46538,0,1093,1820,5100,2230,5110,5110,3,40,416,184,-82.8161,43.25865,41182
"ELSIE PUBLIC LIBRARY",48831,3738,1,0,0,0.75,1.18,1.93,83006,2592,0,91358,-9,12937,78020,0,0,1061,12372,1707,12440,12440,109,2352,3078,1903,-84.3883,43.08869,79332
"ESCANABA PUBLIC LIBRARY",49829,25830,1,0,2,3,4.38,7.38,518549,18941,0,571420,238027,42431,572087,0,74087,2578,78002,9819,88299,103362,168,3498,13190,9632,-87.0521,45.74575,35857
"EVART PUBLIC LIBRARY",49631,7717,1,0,0.19,1.84,0.19,2.03,137033,2675,0,139708,70729,16142,117289,0,55654,2028,13656,3421,15237,15237,48,337,1687,621,-85.2593,43.90072,23341
"FAIRGROVE DISTRICT LIBRARY",48733,3112,1,0,0,0.75,1.76,2.51,269216,2035,0,277323,83556,14819,128403,0,22212,2392,5845,859,10845,10845,9,140,1618,0,-83.5434,43.52229,52516
"FALMOUTH AREA LIBRARY",49632,882,1,0,0.07,0.57,0.37,0.94,47552,1212,0,53122,-9,6423,52051,0,5305,1574,4819,477,6542,6542,49,620,926,496,-85.0901,44.24371,15113
"FARMINGTON COMMUNITY LIBRARY",48334,90112,1,1,21.2,27.8,42.95,70.75,6046647,62474,0,6370879,2872806,627891,5863521,0,789986,6816,580174,44845,1071896,1267051,1612,55497,124565,324304,-83.3719,42.49881,1259201
"DEWITT DISTRICT LIBRARY",48820,20542,1,0,3.75,3.75,6.95,10.7,822698,23569,0,903715,411894,123945,829024,0,32232,2968,61320,11153,151698,152044,474,10157,6822,6381,-84.5887,42.82534,79332
"FENNVILLE DISTRICT LIBRARY",49408,14230,1,0,1.25,1.63,3.8,5.43,380809,10435,592,414834,201127,39703,384198,0,80177,2682,68452,2616,48175,48564,536,9778,14560,11180,-86.1075,42.59429,117327
"FERNDALE AREA DISTRICT LIBRARY",48220,19900,1,0,7.93,7.93,6.83,14.76,1853447,13590,0,1953312,532055,118546,1063249,0,433575,2819,143798,7565,157244,159853,465,14983,25864,23896,-83.1324,42.46058,1259201
"FIFE LAKE PUBLIC LIBRARY",49633,2791,1,0,0.35,2.95,0.05,3,155221,1826,0,166657,80341,17119,152483,0,3012,2080,29000,64577,19992,19992,350,6768,2912,7311,-85.3471,44.57747,92573
"THOMAS E. FLESCHNER MEMORIAL LIBRARY",48415,6033,1,0,0,1,0.53,1.53,107439,3946,0,114154,-9,14323,110794,3946,0,2124,22516,7700,27265,27265,86,1591,4803,960,-83.7868,43.25067,190800
"FLINT PUBLIC LIBRARY",48503,102434,1,0,15.6,16.6,13.21,29.81,3022101,561573,0,4272007,1434520,223730,3827207,0,96332,2223,128647,24540,117398,164298,515,27875,34702,11316,-83.6792,43.02241,406892
"FORSYTH TOWNSHIP PUBLIC LIBRARY",49841,6164,1,0,0,1,2.44,3.44,170464,4032,0,184012,87705,18264,168339,0,0,2054,34588,3498,32758,32758,139,2091,5173,5776,-87.4383,46.27902,66516
"FOWLERVILLE DISTRICT LIBRARY",48836,17068,1,0,1.75,1.75,7,8.75,791154,11833,0,815012,378111,62381,594569,0,755317,2552,37673,7212,34014,36543,314,6483,3201,9490,-84.0731,42.66042,191224
"BENZIE SHORES DISTRICT LIBRARY",49635,3811,1,0,1.6,3.1,0.53,3.63,290690,5599,0,313403,162890,34942,313403,0,1883,2334,59037,3102,55588,61086,179,1583,7524,8011,-86.2355,44.63246,17753
"FRANKLIN PUBLIC LIBRARY",48025,3150,1,0,0.68,1.2,0.4,1.6,208610,1037,0,230811,-9,20574,209228,44382,4270,2200,12614,1282,22898,22898,66,1615,1677,924,-83.3059,42.52599,1259201
"FRASER PUBLIC LIBRARY",48026,14480,1,0,2.65,2.75,4,6.75,454260,10140,0,483375,262747,46993,429934,0,12381,2652,48060,7276,72621,73626,441,5221,9074,23199,-82.9552,42.53874,874759
"FREEPORT DISTRICT LIBRARY",49325,5641,1,0,0,1.45,0.18,1.63,92313,4137,0,106730,-9,9211,96860,0,0,1576,5690,879,17640,17640,53,1450,507,4831,-85.3164,42.76289,61157
"FREMONT AREA DISTRICT LIBRARY",49412,13326,1,0,3.7,3.7,5.98,9.68,631246,56566,0,857117,350197,56817,816879,17101,36631,2106,133048,3460,234144,239144,200,6045,20000,10000,-85.943,43.46708,48892
"GALESBURG-CHARLESTON MEMORIAL DISTRICT LIBRARY",49053,9476,1,0,1,1,1.05,2.05,135471,6570,0,142041,60589,17991,128261,0,0,1656,18960,369,13904,13904,142,2249,3440,2214,-85.4128,42.28892,264870
"GALIEN TOWNSHIP PUBLIC LIBRARY",49113,3043,1,0,0,1,0,1,82093,1990,0,92606,-9,12471,87353,0,2812,2080,6597,1890,7374,7374,5,130,1779,759,-86.4989,41.80562,154141
"GARDEN CITY PUBLIC LIBRARY",48135,27692,1,0,2,2.73,3.36,6.09,508686,19198,0,541319,212431,57546,478180,0,0,2485,68690,6517,75166,75166,274,6587,13373,33880,-83.3542,42.33227,1753893
"PERE MARQUETTE DISTRICT LIBRARY",48617,8833,1,0,0.88,1,3.3,4.3,320935,6123,0,376287,150000,19329,376287,0,0,2288,70836,7632,73178,73178,347,6139,9896,10560,-84.7665,43.81877,30757
"GENESEE DISTRICT LIBRARY",48504,332567,1,18,26,26,56.78,82.78,8286395,258603,0,9034159,3390858,1668991,8330832,0,31273,46198,1028097,129789,1679654,1973623,1364,33838,185115,53447,-83.7602,43.04552,406892
"GEORGETOWN TOWNSHIP PUBLIC LIBRARY",49428,46985,1,0,2.5,2.5,12.53,15.03,1012230,30733,3491,1081782,581772,194035,1078721,0,1621,2888,113609,15074,314101,314101,194,7707,3654,969,-85.8196,42.90718,290494
"ROSCOMMON AREA DISTRICT LIBRARY",48653,6295,1,1,1,1,4.3,5.3,410269,7599,0,428391,141589,44187,310775,0,15447,3562,51825,5362,60073,60077,301,5372,7982,2371,-84.5969,44.48787,23884
"GLADSTONE AREA SCHOOL & PUBLIC LIBRARY",49837,11239,1,0,0,1,2.6,3.6,59775,7792,0,104029,52103,19575,104029,0,34988,2195,82267,3081,73904,73904,18,991,6111,4441,-87.0209,45.84422,35857
"GLADWIN COUNTY DISTRICT LIBRARY",48624,25692,1,1,1,1,8.05,9.05,632787,16805,0,687909,261087,71100,633387,0,33000,5252,46501,4742,97310,97310,216,5803,15965,39339,-84.4703,43.98417,25337
"GLEN LAKE COMMUNITY LIBRARY",49630,3650,1,0,1,2,0.16,2.16,203971,1194,0,225151,100678,28267,172363,0,29227,2392,17000,882,28760,28760,63,910,2400,657,-86.0606,44.81102,21764
"GRACE A. DOW MEMORIAL LIBRARY",48640,76707,1,0,12,14.15,21,35.15,3851776,53180,0,4132566,1615606,425627,4009609,0,220540,3262,203434,39098,552155,960290,399,16412,16662,34543,-84.2473,43.62521,83209
"GRAND LEDGE AREA DISTRICT LIBRARY",48837,15959,1,0,1.6,4.73,4.83,9.56,669908,11064,0,711065,357970,115544,625079,34784,34784,3127,63226,6580,109151,115299,339,15469,9066,17525,-84.7459,42.75299,109826
"GRAND RAPIDS PUBLIC LIBRARY",49503,188040,1,7,25,25,76.5,101.5,9097760,137894,0,9612191,4386021,1179077,9150685,2394973,2995381,18140,683544,55286,1405749,1657038,947,29262,117491,197786,-85.6658,42.96436,653786
"GRANT AREA DISTRICT LIBRARY",49327,8875,1,0,1.05,3.6,1.7,5.3,370865,6508,0,402846,173521,39640,370153,126039,0,2500,42385,1841,24222,27740,141,5993,3588,6532,-85.8029,43.33416,48892
"FLAT RIVER COMMUNITY LIBRARY",48838,17626,1,0,3,3,5,8,379133,13744,0,492871,250222,94182,620404,0,0,3072,91410,11412,132165,153487,283,8069,11339,14148,-85.2544,43.17379,63968
"GROSSE POINTE PUBLIC LIBRARY",48236,51133,1,2,15.9,15.9,28.81,44.71,5970613,32080,0,6306095,1964000,626714,4268239,0,702741,9836,473267,24700,521892,595292,822,38945,46207,61004,-82.9054,42.39394,1753893
"HACKLEY PUBLIC LIBRARY",49440,40898,1,0,4.95,5.09,13.74,18.83,1570647,296982,0,1932502,895899,96988,1907502,0,199664,2288,196313,15413,92213,134403,330,9092,28216,24433,-86.2508,43.23416,173588
"IONIA COMMUNITY LIBRARY",48846,21871,1,0,1,2.8,5.88,8.68,491831,15591,0,533289,366421,46917,627812,0,40111,2600,52780,7306,73412,73412,469,13952,5622,6965,-85.0619,42.98287,64210
"HAMBURG TOWNSHIP LIBRARY",48139,21165,1,0,4,4,6.15,10.15,849860,15521,0,898496,439021,45445,729675,0,94349,2918,57694,16996,88704,88704,232,4690,3345,30622,-83.8212,42.45125,191224
"HAMTRAMCK PUBLIC LIBRARY",48212,22423,1,0,1.5,1.5,5,6.5,366192,16443,7372,403883,195264,9090,340743,0,0,2080,62391,7745,26331,26331,316,5675,29641,7701,-83.0633,42.39846,1753893
"HANCOCK SCHOOL PUBLIC LIBRARY",49930,6831,1,0,0,0.95,0.2,1.15,60012,2218,0,62230,-9,981,63886,0,0,1413,7022,1166,8178,8178,3,91,137,15,-88.5856,47.14137,36219
"HARBOR BEACH AREA DISTRICT LIBRARY",48441,6119,1,0,0,2.7,2.6,5.3,548028,4242,0,552270,199964,23549,536771,0,40276,2440,15616,1915,36425,43306,51,1229,4719,16126,-82.6513,43.84481,31166
"HARPER WOODS PUBLIC LIBRARY",48225,14236,1,0,3.8,3.8,3.28,7.08,470566,10912,0,506357,247976,33323,438882,0,0,2184,41023,7570,36889,39406,275,2575,14537,15360,-82.9242,42.43152,1753893
"HARRISON DISTRICT LIBRARY",48625,12920,1,0,0.88,2.6,1.5,4.1,343495,8069,0,379032,122319,24937,379032,0,15515,2340,52880,5524,32828,32828,272,8054,10225,9842,-84.7992,44.01965,30757
"HART AREA PUBLIC LIBRARY",49420,8133,1,0,0,3.08,1.7,4.78,321626,5319,0,351051,126570,42937,270827,3413,122824,2642,40000,5233,96484,96484,264,5558,16016,4501,-86.3638,43.69898,26625
"HARTFORD PUBLIC LIBRARY",49057,6582,1,0,0,1,2.78,3.78,188659,4305,0,236081,116017,25546,220687,0,8404,2340,28943,3204,34364,34392,138,4729,8616,450,-86.1699,42.20645,75448
"HASTINGS PUBLIC LIBRARY",49058,13233,1,0,1.7,9.03,0.25,9.28,654564,4358,6109,746938,230415,25906,622311,0,5921,2957,96417,4806,80501,80501,384,8497,9794,30268,-85.2853,42.64872,61157
"HAZEL PARK MEMORIAL DISTRICT LIBRARY",48030,16422,1,0,3.1,3.1,4.05,7.15,447000,18001,0,499066,218026,36212,441488,0,0,2288,129320,5114,61095,65130,259,6059,21069,3862,-83.1035,42.46142,1259201
"ALDEN DISTRICT LIBRARY",49612,1285,1,0,0,1,1.15,2.15,132845,891,0,156402,64456,19680,128294,0,0,2344,20982,1824,15014,16356,222,3777,2055,3416,-85.2685,44.88121,23365
"HENIKA DISTRICT LIBRARY",49348,7135,1,0,1.75,3.45,1,4.45,333236,12915,0,357727,140242,25504,281820,0,12000,2860,60060,2227,55706,55706,429,10309,6338,15553,-85.6431,42.67336,117327
"ALMONT DISTRICT LIBRARY",48003,6583,1,0,0,3.4,2.2,5.6,300272,4306,0,318809,164429,31396,320873,0,1769,2652,28000,2929,32828,32828,60,1840,3686,5000,-83.047,42.92046,88028
"HERRICK DISTRICT LIBRARY",49423,102423,1,1,12.81,12.81,36.43,49.24,5800123,520913,38268,6567636,2149035,671390,4653175,0,1206042,5837,809569,49522,1202938,1292493,1145,50586,58340,67061,-86.1089,42.78653,290494
"HESPERIA COMMUNITY LIBRARY",49421,5933,1,0,0,0.75,3.25,4,138119,4086,0,193341,111969,37460,241878,13832,1907,2448,22539,1361,37083,38035,83,972,3975,20850,-86.0396,43.56786,48892
"HIGHLAND TOWNSHIP PUBLIC LIBRARY",48356,19202,1,0,5.31,6.25,5,11.25,919159,12560,1500,1012699,491658,82224,966605,0,39233,2697,82979,7559,164874,177884,430,6338,21551,7762,-83.6116,42.64392,1259201
"HOLLY TOWNSHIP LIBRARY",48442,23088,1,0,1,3.85,3.69,7.54,340930,16007,0,387096,208023,28478,327389,0,1306,2751,62624,3814,56213,56213,142,3325,9952,660,-83.628,42.80512,1259201
"HOME TOWNSHIP LIBRARY",48829,4220,1,0,0,1.6,0.08,1.68,80726,2926,0,117197,-9,13291,109821,0,2997,2016,17880,999,15412,15412,68,666,3023,347,-85.041,43.40805,63968
"HOMER PUBLIC LIBRARY",49245,3926,1,0,0,2.63,0.69,3.32,152196,2568,0,166640,89260,47196,221808,0,906,2169,40796,4397,36358,36442,593,5965,6057,8462,-84.8078,42.14572,134487
"HOPKINS DISTRICT LIBRARY",49328,4610,1,0,0.63,0.63,0.93,1.56,120955,5015,0,129938,-9,10054,113112,0,0,1884,25672,974,71021,74869,337,8456,5218,1233,-85.7626,42.62398,117327
"HOUGHTON LAKE PUBLIC LIBRARY",48629,15322,1,0,0.85,1,6.25,7.25,656204,11236,0,701166,268427,72173,608184,0,59387,2357,52000,6687,55805,55805,378,4961,11764,22814,-84.7275,44.29827,23884
"HOWE MEMORIAL LIBRARY",48615,5531,1,0,0,1.65,0.05,1.7,95720,3617,0,131639,-9,4045,91330,0,0,1716,7918,2925,7624,7624,134,1821,1090,514,-84.4786,43.40793,40599
"HOWELL CARNEGIE DISTRICT LIBRARY",48843,52529,1,0,4,4,20.83,24.83,2727661,38521,0,2865217,1036466,325464,2176348,4940,207050,2840,170010,21075,461039,638373,1112,29702,21415,36738,-83.9323,42.60818,191224
"HUDSON CARNEGIE DISTRICT LIBRARY",49247,5107,1,0,0,1,1.13,2.13,140956,3541,0,153380,51322,14202,127542,0,3856,2080,11378,1076,20900,21000,148,2502,2295,875,-84.3537,41.85387,98266
"GARY BYKER MEMORIAL LIBRARY OF HUDSONVILLE",49426,10983,1,0,1.38,1.88,3.95,5.83,371044,8054,0,403319,211169,35019,384081,2600,9944,2380,60850,3655,103834,107674,320,8310,4954,12220,-85.8643,42.87087,290494
"HUNTINGTON WOODS PUBLIC LIBRARY",48070,8764,1,0,1.85,1.85,5.6,7.45,579051,0,0,579051,256052,61555,475243,0,107506,2652,79575,4503,70257,78416,164,2448,5531,675,-83.1734,42.48534,1259201
"RUTH HUGHES MEMORIAL DISTRICT LIBRARY",48444,11480,1,1,1,4,2.63,6.63,363872,7509,0,398032,232850,28428,393448,0,0,3449,47142,5739,74484,74484,175,4686,8868,3700,-83.0775,43.02599,88028
"CLARKSTON INDEPENDENCE DISTRICT LIBRARY",48346,35563,1,0,9.8,9.8,12.35,22.15,1901289,23262,0,1947351,862050,242800,1837633,0,180028,3179,138323,14000,368425,368425,627,22883,13567,33543,-83.4092,42.74013,1259201
"INDIAN RIVER AREA LIBRARY",49749,3038,1,0,0,1.78,0,1.78,78667,0,0,103549,-9,14802,92856,2500,0,1820,10400,2806,11899,11899,84,739,3900,2080,-84.6125,45.41093,25413
"CARO AREA DISTRICT LIBRARY",48723,11833,1,0,2,2,6.65,8.65,457724,12113,1690,508750,262505,57547,523983,0,0,3267,147220,6226,47056,61705,223,4434,11572,10748,-83.4053,43.48873,52516
"INTERLOCHEN PUBLIC LIBRARY",49643,5784,1,0,0,1,2.15,3.15,199385,3783,0,222238,136655,17554,207086,375203,375203,2808,54732,64577,60132,60132,322,5314,6518,8991,-85.7661,44.64405,92573
"IOSCO-ARENAC DISTRICT LIBRARY",48730,41786,0,8,2,3,5,8,1106615,47258,0,1164576,309989,176996,1177687,0,30620,16895,112824,14069,115858,115858,160,5782,21808,73072,-83.491,44.28078,25081
"IRONWOOD CARNEGIE LIBRARY",49938,5713,1,0,0,1,1,2,133576,3961,0,172748,-9,18159,145416,0,1465,1777,19000,2009,23497,23497,125,2652,2897,3772,-90.1678,46.4549,15096
"ISHPEMING CARNEGIE PUBLIC LIBRARY",49849,13600,1,0,1.68,2.68,0.75,3.43,370146,8895,0,388843,138186,31534,329784,812,11129,2184,36188,4215,50623,50623,192,4041,6795,4252,-87.6687,46.49079,66516
"J. C. WHEELER PUBLIC LIBRARY",49070,6443,1,0,0,0.8,0.85,1.65,31491,4121,0,78614,-9,11334,69659,0,2035,1664,11250,3032,14648,14648,138,2518,760,2150,-85.6417,42.53576,117327
"JACKSON DISTRICT LIBRARY",49201,160248,1,12,18.7,23.03,88.58,111.61,6357619,137572,0,6995839,3357741,987895,7325746,0,153066,24323,595534,63394,1005258,1076773,2910,88936,153645,44131,-84.4106,42.24748,158823
"JACQUELIN E. OPPERMAN MEMORIAL LIBRARY",48741,4080,1,0,0,0.88,0.28,1.16,19746,2829,0,51005,-9,4528,46115,0,0,1969,10545,1096,10826,10829,15,65,1839,301,-83.1963,43.41275,52516
"FRANKENMUTH JAMES E. WICKSON DISTRICT LIBRARY",48734,7824,1,0,0.63,4.83,0.7,5.53,332268,5738,0,383010,190709,35846,402524,0,0,3210,127200,7766,90893,94920,285,7470,11726,33580,-83.74,43.33195,190800
"JONESVILLE DISTRICT LIBRARY",49250,5210,1,0,1,3.5,0.15,3.65,141631,3408,0,165695,86513,20731,155542,0,0,2371,10087,803,31763,31763,175,4671,2059,797,-84.6605,41.98357,45749
"JORDAN VALLEY DISTRICT LIBRARY",49727,6997,1,0,1,1,3.45,4.45,363289,4851,0,368140,142238,34446,296014,0,0,2808,18260,4111,20022,24094,271,5371,4434,0,-85.1189,45.15592,26244
"KALAMAZOO PUBLIC LIBRARY",49007,116445,1,4,20.5,20.5,100,120.5,10995750,1039818,0,12190353,5200796,1167048,11057295,0,318041,11491,558663,65883,1630484,1643525,2284,63558,111884,28977,-85.5846,42.2896,264870
"KALKASKA COUNTY LIBRARY",49646,17153,1,0,1.9,1.9,3.49,5.39,309145,17824,0,335060,162290,27786,293826,0,4491,2614,31556,4113,38748,38748,206,5340,8632,6326,-85.1762,44.73333,17824
"KENT DISTRICT LIBRARY",49321,395660,0,18,62.35,65.35,157.33,222.68,21346812,1182711,0,24127153,10398814,3193030,20370922,0,549120,46574,2663220,203960,8397078,8475617,5574,189390,362668,739337,-85.6531,43.04768,653786
"L`ANSE AREA SCHOOL-PUBLIC LIBRARY",49946,9533,1,0,0,0.45,0.25,0.7,56017,2531,0,60704,-9,4224,59954,0,29677,1226,6697,1556,7589,7589,29,833,1672,144,-88.4504,46.75779,8320
"LAINGSBURG PUBLIC LIBRARY",48848,9555,1,0,0,1,0.63,1.63,71447,6624,0,86797,-9,10296,86948,31000,2500,2080,29120,5232,43000,43000,61,610,6240,850,-84.3504,42.89015,68192
"LAKE LINDEN-HUBBELL SCHOOL PUBLIC LIBRARY",49945,3730,1,0,0,0.5,0.75,1.25,38753,1228,0,39981,-9,9461,41963,0,0,2019,9765,1095,7342,7342,5,118,1295,25,-88.408,47.1939,36219
"LAKE ODESSA COMMUNITY LIBRARY",48849,4168,1,0,0.9,0.9,2.75,3.65,265643,2726,0,296294,110488,35531,296835,19261,68077,1957,18045,1923,47303,47303,244,4124,5474,7758,-85.1381,42.78245,64210
"LAPEER DISTRICT LIBRARY",48446,60006,1,6,5,12.56,8.53,21.09,1693152,39250,0,1859965,878835,168791,1879376,0,391326,9810,132675,20314,168408,168636,1310,24032,17940,43055,-83.333,43.05362,88028
"LAWRENCE MEMORIAL PUBLIC LIBRARY",49034,2735,1,0,0.15,0.15,0.03,0.18,14158,2665,0,27098,-9,9061,26652,0,4985,1111,1913,484,4428,4428,42,315,261,2090,-85.3358,42.23834,264870
"LAWTON PUBLIC LIBRARY",49065,1900,1,0,0,1.75,0.95,2.7,131051,1800,0,139684,67338,33759,131820,0,2376,1976,13917,2358,22105,22105,91,1090,2748,1980,-85.8494,42.16684,75448
"LEELANAU TOWNSHIP LIBRARY",49670,2027,1,0,0.88,0.88,0.73,1.61,127906,1326,0,141894,-9,22360,137160,0,0,1820,21106,2816,32317,32317,80,1653,3000,6556,-85.6147,45.12978,21764
"LELAND TOWNSHIP PUBLIC LIBRARY",49654,5857,1,0,0,2.4,0.18,2.58,184478,3831,0,212628,101858,26935,172701,0,7395,2080,35971,4536,35594,35854,106,2572,5131,4615,-85.762200000000007,45.02222,21764
"LENAWEE DISTRICT LIBRARY",49221,40771,1,5,2.55,10.35,1.53,11.88,1088596,26668,0,1191723,422601,113841,872847,0,57964,9403,115000,12386,160614,160614,772,18293,12335,13021,-84.073,41.90451,98266
"LENOX TOWNSHIP LIBRARY",48048,10470,1,0,2.63,2.8,2.7,5.5,331418,6884,0,345805,188546,25119,317935,0,313702,2562,22068,4111,25970,25970,225,2604,3865,0,-82.8085,42.73382,874759
"LEROY COMMUNITY LIBRARY",49655,2835,1,0,0.45,0.65,0,0.65,19605,1691,0,25228,-9,8012,26321,0,10648,1352,3172,510,8849,8849,14,60,1369,378,-85.4538,44.03819,23341
"LINCOLN TOWNSHIP PUBLIC LIBRARY",49127,22258,1,0,2,4,11.18,15.18,1059316,15431,1180,1133035,527227,89953,826412,0,159226,2904,115000,6720,376682,481408,610,15146,21335,26000,-86.5042,42.01445,154141
"LITCHFIELD DISTRICT LIBRARY",49252,2372,1,0,0.78,1.63,0,1.63,103489,0,0,125402,-9,2460,64432,0,16308,1584,10887,1208,29408,29408,49,1152,914,2658,-84.7585,42.04406,45749
"LIVONIA PUBLIC LIBRARY",48154,96942,1,3,16,16,17.55,33.55,3469744,31924,0,3648308,1744953,258253,3282517,0,111250,6403,297083,35709,465526,466246,669,22496,33063,59474,-83.3676,42.39715,1753893
"LOUTIT DISTRICT LIBRARY",49417,35540,1,0,4.8,4.8,17.38,22.18,2385203,26062,0,2505978,904357,199741,1986433,0,79995,3429,178091,22280,388534,440900,718,29818,22185,111964,-86.2271,43.06384,290494
"LUTHER AREA PUBLIC LIBRARY",49656,4141,1,0,0,1.05,0.15,1.2,72385,2709,0,81140,-9,11065,79727,1,1700,1820,8436,1672,5298,5298,87,814,1992,2060,-85.6824,44.03574,11881
"LYON TOWNSHIP PUBLIC LIBRARY",48178,14545,1,0,1.63,1.63,7,8.63,484244,9842,0,511508,283589,51420,495690,0,1913,2500,33177,5791,95381,115139,237,6134,6650,802,-83.6129,42.48569,1259201
"LYONS TOWNSHIP DISTRICT LIBRARY",48851,3667,1,0,0.95,0.95,1.86,2.81,107189,2399,0,128063,75527,9531,137962,0,1475,1768,10616,1841,15089,15169,23,894,2314,4000,-84.9474,42.98199,64210
"M. ALICE CHAPIN MEMORIAL LIBRARY",49665,4197,1,0,0,0.83,0.55,1.38,39286,2456,0,46293,-9,3565,61286,7000,0,1876,13898,3345,9096,9096,11,559,3700,3200,-85.1472,44.10246,23341
"MACKINAC ISLAND PUBLIC LIBRARY",49757,492,1,0,0,1,0.75,1.75,52050,322,0,82671,-9,10266,72843,0,3430,1870,21349,1182,4093,4093,12,687,1365,3254,-84.6191,45.84656,10787
"MACKINAW AREA PUBLIC LIBRARY",49701,5068,1,2,0.85,3.05,0.33,3.38,150488,3514,0,199985,99925,26708,165871,0,29647,3118,24752,2527,27312,27312,276,3019,2304,2437,-84.7427,45.7817,33308
"MADISON HEIGHTS PUBLIC LIBRARY",48071,29694,1,0,2.88,3.38,3.75,7.13,677537,22495,0,712874,337213,71901,588608,0,0,2747,86182,6743,93838,105418,168,3517,30930,5067,-83.1096,42.51997,1259201
"MANCELONA TOWNSHIP LIBRARY",49659,4968,1,0,0,0.88,0.5,1.38,88395,3250,0,94154,-9,6711,59309,0,1915,2120,10997,2973,9913,9913,43,141,3009,800,-85.0633,44.90241,23365
"MANCHESTER DISTRICT LIBRARY",48158,7312,1,0,0,1.55,2.88,4.43,398560,4783,0,417396,134447,38185,270436,0,0,2348,20520,2520,37356,41856,204,2648,6896,15876,-84.0226,42.14963,370963
"MANISTEE COUNTY LIBRARY",49660,22995,1,5,1,4.81,9.41,14.22,1350759,21579,0,1392305,485607,115855,1084853,304865,341403,8985,83686,10929,138713,164865,470,6612,13608,21515,-86.3237,44.24606,24528
"MANISTIQUE SCHOOL & PUBLIC LIBRARY",49854,8344,1,0,0,1.98,0,1.98,48207,5785,0,176057,-9,20610,174197,0,0,2600,43239,3276,29951,29951,60,771,2149,2151,-86.2467,45.95864,8068
"MAPLE RAPIDS PUBLIC LIBRARY",48853,3115,1,0,0,0.88,0.03,0.91,35219,2181,0,44536,-9,5368,36692,0,1182,1230,8512,2116,8562,8562,8,50,353,163,-84.6923,43.10416,79332
"MARCELLUS TOWNSHIP WOOD MEMORIAL LIBRARY",49067,4101,1,0,0,0.95,1.43,2.38,182342,2843,0,215087,93970,18327,143966,0,31434,2444,28566,2618,18605,18693,91,2245,4323,4687,-85.8127,42.02697,51653
"MARLETTE DISTRICT LIBRARY",48453,5241,1,0,0,2.1,0,2.1,42450,3428,0,68998,47041,13048,98547,0,0,2240,24600,2596,29903,29903,18,431,6822,8314,-83.0798,43.32563,41182
"MARSHALL DISTRICT LIBRARY",49068,14948,1,0,4,5,10.3,15.3,982382,10363,0,1034645,590629,54323,967087,0,103056,2840,131440,6830,124671,124671,694,9791,45420,18591,-84.9593,42.27106,134487
"MAUD PRESTON PALENSKE MEMORIAL LIBRARY",49085,18393,1,0,2.6,9.78,2.3,12.08,637440,18120,0,780440,404290,54587,727040,254636,81716,2752,98066,5947,126037,133643,494,10477,12395,17922,-86.4845,42.10744,154141
"MAYVILLE DISTRICT PUBLIC LIBRARY",48744,5160,1,0,0,1,2.05,3.05,117058,3577,0,139355,81797,24113,150970,0,0,2346,22499,3236,41562,41562,94,2019,3649,6150,-83.3524,43.33528,52516
"CHELSEA DISTRICT LIBRARY",48118,15010,1,0,8.5,8.5,10.48,18.98,1700314,9818,0,1839862,994474,166642,1705048,0,53753,3192,203684,8419,298112,300580,698,20422,15493,71539,-84.0204,42.31694,370963
"MCMILLAN TOWNSHIP LIBRARY",49925,2440,1,0,0.58,0.58,0,0.58,63502,1693,0,70195,-9,5120,63166,0,0,1196,7700,277,4083,4083,0,0,793,781,-89.2815,46.53495,5795
"MENDON TOWNSHIP LIBRARY",49072,4730,1,0,0,0.8,0.75,1.55,122738,3093,0,125831,-9,17698,85519,5000,13543,1820,6645,3358,9832,9832,168,665,1184,0,-85.4535,42.00688,61043
"MENOMINEE COUNTY LIBRARY",49887,14384,1,1,1,3,2.58,5.58,283166,6428,0,294898,180999,25352,327828,107372,108322,3594,43909,4048,88004,88224,355,6531,6116,6966,-87.6105,45.41495,22983
"MERRILL DISTRICT LIBRARY",48637,3433,1,0,0,0.6,0.28,0.88,74856,2245,0,83347,-9,5680,63450,0,6356,1504,13021,1883,14206,14206,64,421,1222,1040,-84.3333,43.40982,190800
"MILAN PUBLIC LIBRARY",48160,17511,1,0,2,3.53,1.7,5.23,389542,12840,0,426483,202492,41407,364754,0,13854,2730,43981,6014,82339,82339,305,6996,8857,10085,-83.6854,42.08205,150439
"MILFORD PUBLIC LIBRARY",48381,15736,1,0,6.48,6.93,6.5,13.43,1078457,10293,0,1156453,498301,74834,1013366,0,14667,2865,130314,6891,192918,192918,292,9946,12000,8954,-83.6095,42.59045,1259201
"MILLINGTON ARBELA DISTRICT LIBRARY",48746,7424,1,0,1.75,1.75,5.3,7.05,207082,7300,0,223511,133875,24831,214218,0,3700,2856,34724,3167,23906,23906,61,486,4482,3718,-83.5268,43.27951,52516
"MISSAUKEE DISTRICT LIBRARY",49651,13097,1,0,0,1,2.23,3.23,190010,8566,0,231034,85242,42170,196160,0,39871,2500,44650,4366,28013,30888,212,5129,4567,6200,-85.2136,44.33575,15113
"HILLSDALE COMMUNITY LIBRARY",49242,11870,1,0,1,2,3.03,5.03,185847,8229,2000,255396,131880,23696,257086,0,31347,2496,50540,13476,122001,127380,256,3176,8416,12674,-84.6344,41.91998,45749
"MONROE COUNTY LIBRARY SYSTEM",48161,149955,1,15,21.98,22.98,72.54,95.52,7253540,98085,0,7699927,4005962,777637,7613588,0,1037846,34022,612918,47322,895248,895248,4071,117176,184210,45379,-83.4144,41.91267,150439
"MONTMORENCY COUNTY PUBLIC LIBRARIES",49709,9765,1,2,0,3.4,2.25,5.65,369907,6387,0,384565,187505,13672,333591,0,64316,6240,49238,5439,62519,62519,406,9734,16613,12250,-84.1552,45.00864,9265
"MOORE PUBLIC LIBRARY",48450,5072,1,0,0,1,1.93,2.93,186497,3317,0,202898,89086,25870,171293,0,207795,2184,11485,2605,19338,19338,107,778,3607,5026,-82.5317,43.26836,41182
"MORTON TOWNSHIP PUBLIC LIBRARY",49332,6634,1,0,1,3,0.83,3.83,254921,8354,0,323240,124611,30688,292792,0,0,1690,39989,8118,44316,44316,137,4657,3245,1015,-85.2286,43.62119,43545
"MOUNT CLEMENS PUBLIC LIBRARY",48043,22857,1,0,5.25,5.25,8.5,13.75,1217467,208356,0,1452084,628560,49004,1248280,0,146692,3328,112103,4464,84600,84600,377,5126,11373,32939,-82.8833,42.59735,874759
"MULLIKEN DISTRICT LIBRARY",48861,1848,1,0,0,1,0,1,69498,609,0,71665,-9,14505,71406,0,11114,970,4524,2145,11714,11714,5,43,984,377,-84.8957,42.76226,109826
"MUNISING SCHOOL PUBLIC LIBRARY",49862,9623,1,0,0,2.1,0.03,2.13,186064,7057,0,218526,59732,21599,173553,0,7348,2286,35630,2858,22248,30138,76,1638,3017,3323,-86.6631,46.41681,9097
"MUSKEGON AREA DISTRICT LIBRARY",49444,105852,1,9,12,15,26.15,41.15,3710429,119205,0,3940040,1393446,402954,3393764,0,196478,23509,392027,25456,483903,506641,1204,32041,61658,29342,-86.1949,43.16474,173588
"NEGAUNEE PUBLIC LIBRARY",49866,7656,1,0,0.93,1.45,0.38,1.83,67822,5008,0,76935,-9,9522,77488,5000,4800,2210,14067,2455,13380,13397,173,1457,3041,3647,-87.6117,46.49981,66516
"MACDONALD PUBLIC LIBRARY",48047,13452,1,0,3,3.73,2.83,6.56,496992,9326,0,530362,229732,31776,431408,0,27100,2550,67295,4960,56320,65601,285,5255,6034,16787,-82.7342,42.68013,874759
"NEW BUFFALO TOWNSHIP PUBLIC LIBRARY",49117,5302,1,0,0,2.75,3,5.75,364284,3603,0,406280,221324,30003,390127,0,0,2651,68500,4038,52750,52750,165,3586,8782,8523,-86.743,41.79523,154141
"NEWAYGO AREA DISTRICT LIBRARY",49337,6834,1,0,0,3.23,1.88,5.11,254994,4470,0,315512,126794,24599,288277,0,0,2188,50054,1739,35869,35869,103,3424,5399,8600,-85.8001,43.41939,48892
"NILES DISTRICT LIBRARY",49120,25686,1,0,1.88,6.56,12.13,18.69,1018432,18836,24613,1192697,599569,105016,1291135,0,0,3060,130958,19187,147723,147725,1547,33441,30234,0,-86.2522,41.82955,154141
"NORTH ADAMS COMMUNITY MEMORIAL LIBRARY",49262,4469,1,0,0,0.75,0.45,1.2,128924,3098,0,143318,-9,9392,62214,0,22641,1560,3098,575,4436,4669,21,331,521,521,-84.5251,41.9709,45749
"NORTH BRANCH TOWNSHIP LIBRARY",48461,3645,1,0,0,3.34,0.48,3.82,107296,5525,0,221299,102816,23905,203655,0,41741,2340,34320,6214,33451,33586,109,1822,3291,7280,-83.202,43.22912,88028
"NORTHVILLE DISTRICT LIBRARY",48167,34467,1,0,12,12,16.25,28.25,2723637,22545,2592,2886225,1236034,269097,2466239,0,259166,3224,210889,17136,540095,632977,422,14580,17455,15557,-83.4847,42.42999,1753893
"NOTTAWA TOWNSHIP LIBRARY",49032,6174,1,0,0,0.6,2.85,3.45,245317,4280,0,255749,119477,32613,202817,0,113585,2151,32201,2352,65373,65770,80,1732,2897,2080,-85.5099,41.9209,61043
"NOVI PUBLIC LIBRARY",48375,55374,1,0,12.68,12.68,24.1,36.78,2740552,38689,0,2952557,1424429,388417,2884494,38689,60523,3285,488778,23526,820900,929379,1654,48417,47514,1042330,-83.4901,42.4661,1259201
"OAK PARK PUBLIC LIBRARY",48237,29319,1,0,3.45,3.95,4.63,8.58,820629,10671,0,845678,351406,63231,842375,0,0,2704,155000,11919,106153,106153,304,5398,22787,9855,-83.1891,42.46574,1259201
"ADAMS-PRATT OAKLAND COUNTY LAW LIBRARY",48341,19,1,0,2,2,4,6,1368641,3536,0,1372177,331181,203985,704857,0,498028,2140,28700,416,1394,8912,104,1241,4385,0,-83.3341,42.65848,1259201
"OGEMAW DISTRICT LIBRARY",48654,12561,1,2,1,4.5,1.48,5.98,274782,9211,0,283993,156816,39880,294942,0,1700,4524,17797,4210,73823,73823,62,1500,9391,3567,-84.1164,44.42147,20952
"ONTONAGON TOWNSHIP LIBRARY",49953,3679,1,1,0,1,0.5,1.5,56162,2423,0,61608,-9,6000,61608,0,0,2548,12532,1089,18365,18377,75,828,3893,1679,-89.3137,46.87131,5795
"ORION TOWNSHIP PUBLIC LIBRARY",48362,35394,1,0,9.56,10.26,17.25,27.51,2178185,23783,0,2329825,1170403,252804,2126591,0,97169,3020,187730,25991,465995,535438,1112,28308,20917,15230,-83.2833,42.7717,1259201
"OSCEOLA TOWNSHIP SCHOOL PUBLIC LIBRARY",49922,1830,1,0,0,1,0.15,1.15,16940,1197,0,18137,-9,624,52904,0,0,1631,1450,675,3794,3794,1,40,117,0,-88.5071,47.11791,36219
"OSCODA COUNTY LIBRARY",48647,8640,1,1,1,1,3.35,4.35,275862,9672,0,294950,108116,26072,253431,0,0,3475,21955,4681,17212,17212,90,1261,2099,0,-84.134,44.6523,8276
"OTSEGO COUNTY LIBRARY",49735,24164,1,2,2,2.96,8.12,11.08,632077,19826,1500,749411,354096,89278,668321,189402,66492,4899,104270,20373,165615,320396,439,11683,22392,32083,-84.6776,45.02016,24665
"OTSEGO DISTRICT PUBLIC LIBRARY",49078,14230,1,0,1,2,8.83,10.83,472307,9307,3524,616826,259291,82387,565210,0,2690,2875,66605,15110,154853,163520,359,15991,15119,12437,-85.6917,42.45217,117327
"OVID PUBLIC LIBRARY",48866,5305,1,0,0,1.5,0,1.5,154977,11960,0,170058,-9,11088,132249,0,4607,2080,30321,4351,27865,27865,167,2462,2819,1715,-84.3716,43.00674,79332
"SHIAWASSEE DISTRICT LIBRARY",48867,27920,1,1,1.98,5.73,11.4,17.13,788309,19712,0,825590,538851,99538,820089,0,6392,6554,103220,8170,55294,59626,287,9603,23972,2132,-84.1773,42.99763,68192
"OXFORD PUBLIC LIBRARY",48371,20526,1,0,6.78,11.08,3.98,15.06,1182291,15052,0,1268008,620408,116481,1330939,0,265327,3016,203580,10109,214529,249743,716,30519,11039,7379,-83.2673,42.81679,1259201
"PARCHMENT COMMUNITY LIBRARY",49004,9969,1,0,2,3.88,5.53,9.41,474605,7310,0,501556,317930,46070,530123,0,10514,2705,113358,8236,83902,83902,291,5987,6592,5119,-85.5703,42.32487,264870
"PATHFINDER COMMUNITY LIBRARY",49304,6341,1,0,0,1,3,4,207903,4650,0,212553,55360,34012,178412,4650,61012,2076,55250,3425,97950,98260,28,1129,13400,10500,-85.8516,43.89549,11881
"PAW PAW DISTRICT LIBRARY",49079,13579,1,0,2,2,8.05,10.05,916479,8882,0,932873,479397,55175,985009,201996,0,2867,81183,10436,85322,85322,458,12059,12051,0,-85.9046,42.21648,75448
"PENINSULA COMMUNITY LIBRARY",49686,5433,1,0,0,2.85,0,2.85,199022,3767,0,226160,116827,22576,210404,980981,86539,2704,29983,63970,32730,32730,220,4698,400,4248,-85.5224,44.86905,92573
"PENTWATER TOWNSHIP LIBRARY",49449,1939,1,0,0,2.63,0.01,2.64,186418,1268,1963,194974,109839,24275,171306,0,336934,2055,20372,1813,28439,28439,150,2259,2884,8887,-86.4276,43.78358,26625
"PETER WHITE PUBLIC LIBRARY",49855,36441,1,0,4.43,17.6,7.48,25.08,1519815,26723,0,1882279,896620,100250,1797236,4204430,2725046,2968,192476,19165,227409,234379,871,21740,27035,9770,-87.3924,46.54439,66516
"PETOSKEY DISTRICT LIBRARY",49770,16709,1,0,4.65,8.15,5.98,14.13,1081743,9529,0,1178366,504158,86634,992732,50750,50772,2775,99573,6818,147838,156194,713,11903,12477,15391,-84.9524,45.37392,33308
"PIGEON DISTRICT LIBRARY",48755,6654,1,0,0,1,4.08,5.08,365855,4613,0,438451,133285,40923,263740,0,9612,2548,43531,4900,42588,42588,226,1967,2024,265,-83.2705,43.82817,31166
"PINCKNEY COMMUNITY PUBLIC LIBRARY",48169,11503,1,0,1.75,1.75,4.7,6.45,709370,8435,0,756738,282960,57161,575756,0,19291,2600,227655,16112,88929,100835,814,12791,73008,0,-83.946,42.45781,191224
"PITTSFORD PUBLIC LIBRARY",49271,4105,1,0,0,0.7,0.25,0.95,66870,4129,0,72788,-9,12095,75290,0,0,1352,3383,3177,8033,8920,17,126,647,150,-84.4718,41.85914,45749
"PLYMOUTH DISTRICT LIBRARY",48170,36656,1,0,13.28,13.28,30.28,43.56,3533135,23977,0,3743054,1720200,490909,3619668,0,0,3301,371594,60067,796351,849174,970,19526,36489,156150,-83.4678,42.37203,1753893
"PONTIAC PUBLIC LIBRARY",48342,59515,1,0,5,6,7.25,13.25,833621,28253,7293,916596,404268,75420,1033667,0,21370,2700,178795,11773,67461,72132,673,4597,69412,0,-83.2892,42.63716,1259201
"PORT AUSTIN TOWNSHIP LIBRARY",48467,5033,1,0,0,0.78,0.4,1.18,105488,3291,0,116249,-9,31751,86801,88100,5450,1876,25600,640,14650,14650,11,184,3500,1200,-82.9916,44.04561,31166
"PORTAGE LAKE DISTRICT LIBRARY",49931,12798,1,0,1,7.5,2.5,10,597284,9386,0,674086,275983,70287,579557,0,14124,2588,88872,5783,128745,128745,665,14870,11263,13137,-88.5681,47.12215,36219
"PORTAGE DISTRICT LIBRARY",49002,52170,1,0,11.69,14.29,16.83,31.12,3343077,34124,0,3655736,1325323,489656,2957553,0,27356,3415,714828,39400,818345,863583,634,35177,35397,91215,-85.5886,42.20348,264870
"PORTLAND DISTRICT LIBRARY",48875,13912,1,0,1.95,1.95,5.03,6.98,401816,9645,0,441813,225147,51258,449974,243269,225571,2858,65301,14258,74305,81117,323,5859,6958,4458,-84.9047,42.86803,64210
"PRESQUE ISLE DISTRICT LIBRARY",49779,14878,1,4,1,9,7.08,16.08,712309,13783,0,802184,435108,59369,687378,11512,43891,6264,100587,6386,79438,90376,582,15724,7499,7937,-83.8146,45.4199,12738
"PUTNAM DISTRICT LIBRARY",49073,6847,1,0,0,1.1,1.68,2.78,111972,4747,0,139222,72179,6905,133893,0,0,1838,15111,1290,18632,18882,139,2071,3431,940,-85.0935,42.60542,61157
"RAUCHHOLZ MEMORIAL LIBRARY",48626,6240,1,0,0,1.13,1.75,2.88,137941,2054,0,184522,77412,13239,140801,1151651,0,2049,14924,2000,29805,29805,110,1680,2090,1340,-84.2297,43.42388,190800
"RAWSON MEMORIAL LIBRARY",48726,8891,1,0,1.9,3.93,1,4.93,257866,5816,0,263682,182015,27489,284366,0,3686,3120,38107,4841,37475,37475,297,4469,4496,3270,-83.1747,43.59978,52516
"READING COMMUNITY LIBRARY",49274,5376,1,0,0,0.93,0.68,1.61,103769,3727,0,114977,-9,8100,72268,0,0,1698,10384,480,11770,13221,135,2520,2783,1870,-84.7479,41.83979,45749
"REED CITY AREA DISTRICT LIBRARY",49677,8543,1,0,0,1.69,1.09,2.78,199884,6775,0,206659,78681,11986,158622,38109,27454,1856,23675,9678,23678,24816,92,1160,4511,7500,-85.5098,43.86497,23341
"REPUBLIC-MICHIGAMME SCHOOL/ PUBLIC LIBRARY",49879,1508,1,0,0,0.45,0,0.45,32117,1046,0,33541,-9,3883,33541,0,0,520,4058,180,2324,2324,0,0,256,145,-87.9824,46.36996,66516
"TIMOTHY C. HAUENSTEIN REYNOLDS TOWNSHIP LIBRARY",49329,9714,1,0,0,2,1.53,3.53,272581,7008,0,311180,131618,33608,256516,0,0,2248,41667,2958,50619,50619,213,7109,7106,18053,-85.4648,43.39791,63968
"RICHFIELD TOWNSHIP PUBLIC LIBRARY",48656,3731,1,0,0,0.7,0.68,1.38,48764,2440,1550,60489,-9,9288,56425,0,0,2132,11524,2983,14749,14749,70,1328,2576,850,-84.4101,44.35486,23884
"RICHLAND COMMUNITY LIBRARY",49083,7580,1,0,0.63,3.33,2.75,6.08,337931,31284,0,376375,180931,59717,418301,0,17530,1989,46011,2895,90547,90939,305,7108,2053,5669,-85.4557,42.37706,264870
"RICHLAND TOWNSHIP LIBRARY",48891,3674,1,0,0,0.8,1.15,1.95,65748,4343,0,78005,-9,16137,77727,0,5356,1426,15075,2708,10663,10663,40,657,2440,866,-84.9084,43.39899,63968
"LOIS WAGNER MEMORIAL LIBRARY",48062,11581,1,0,1,3.5,0.8,4.3,268917,8029,0,290404,170899,9700,322638,0,0,2288,19614,4953,27911,27911,167,2833,7574,3013,-82.762,42.80898,874759
"RICHMOND TOWNSHIP LIBRARY",49871,882,1,0,0,0.65,0,0.65,30768,577,0,33985,-9,7502,33985,0,0,1270,3487,597,2228,2228,35,563,1742,141,-87.5934,46.44092,66516
"RIVERVIEW PUBLIC LIBRARY",48193,12486,1,0,1,1,3.38,4.38,332033,0,0,344118,123138,36701,320961,0,71388,2040,25398,2826,46335,46335,156,2420,3536,2677,-83.1959,42.17024,1753893
"ROCHESTER HILLS PUBLIC LIBRARY",48307,100485,1,0,23.48,23.53,35.73,59.26,4093037,107113,0,4553449,2495926,717083,4553449,0,0,5876,552380,69271,1997191,2050535,920,34117,58551,169492,-83.1306,42.6832,1259201
"ROMEO DISTRICT LIBRARY",48095,33839,1,1,9,9,9.05,18.05,2161219,23460,0,2245772,896543,198101,1827641,0,96021,5972,236914,20216,319670,319670,455,7362,14239,39625,-83.0157,42.7772,874759
"ROSEVILLE PUBLIC LIBRARY",48066,47299,1,0,8.03,8.03,6.26,14.29,1336388,35146,1500,1426284,699953,75846,1312980,0,157853,2740,103077,20619,139792,143651,297,2841,23864,41675,-82.925,42.51547,874759
"ROYAL OAK PUBLIC LIBRARY",48067,57236,1,0,10.4,10.4,12.8,23.2,2384003,39681,0,2499017,911340,259940,2512509,0,0,3044,193697,24262,367988,399834,499,20780,36139,22138,-83.1428,42.48981,1259201
"ROYAL OAK TOWNSHIP PUBLIC LIBRARY",48220,2419,1,0,0.51,0.56,0.27,0.83,65320,1989,0,68335,-9,10598,85738,0,19214,1008,2871,1728,813,813,113,449,2036,450,-83.1587,42.44931,1259201
"PUBLIC LIBRARIES OF SAGINAW",48607,124690,1,3,9.63,9.63,32.5,42.13,3207758,91157,0,3407518,1801556,342246,3960286,0,0,9600,310137,50514,289123,571668,688,15607,68787,39255,-83.9361,43.43027,190800
"SALINE DISTRICT LIBRARY",48176,26376,1,0,7.25,7.25,13.75,21,2253362,119648,0,2450812,977775,194047,3104139,0,0,3275,175394,15176,329456,404791,677,14262,21772,49214,-83.7743,42.17647,370963
"SANDUSKY DISTRICT LIBRARY",48471,7103,1,0,0,1,3.81,4.81,268412,4646,0,303116,123307,45285,278714,0,0,2476,36000,2078,54477,64927,28,1350,5584,99063,-82.8279,43.42134,41182
"SANILAC DISTRICT LIBRARY",48469,4375,1,0,0.75,1.75,1.58,3.33,153105,2862,1440,175094,92004,26671,169379,0,4568,1897,27781,7008,75286,110524,70,970,3800,17857,-82.5495,43.43068,41182
"SARANAC PUBLIC LIBRARY",48881,10017,1,1,1,1.93,3.63,5.56,380348,8869,0,389217,175000,58000,385700,0,15000,3848,60999,4500,57488,57488,176,3671,1379,14954,-85.2133,42.93057,64210
"SAUGATUCK-DOUGLAS DISTRICT LIBRARY",49406,5101,1,0,0.88,0.88,3.29,4.17,294157,7111,0,334417,144207,37140,314386,275,0,2381,61161,2435,56196,66104,335,6638,9545,16038,-86.2037,42.64363,117327
"SCHOOLCRAFT COMMUNITY LIBRARY",49087,3775,1,0,1,2.43,1.6,4.03,166696,3914,0,194606,120259,12620,187675,2576,2212,1821,12758,2005,18685,19225,177,5582,917,1102,-85.6396,42.11661,264870
"SEVILLE TOWNSHIP PUBLIC LIBRARY",48877,3138,1,0,0,0.63,0.93,1.56,75279,2052,0,77331,-9,9330,66191,0,5636,1716,6330,1002,10732,10757,72,777,1643,3050,-84.8359,43.38935,40599
"SHELBY TOWNSHIP LIBRARY",48316,73804,1,0,4.69,4.94,7.3,12.24,1076209,48275,0,1157757,608039,157454,1016897,12000,0,2937,166811,22849,234674,234674,491,15358,19997,41926,-83.0339,42.6741,874759
"SHELBY AREA DISTRICT LIBRARY",49455,11377,1,0,0,0.88,4.85,5.73,242260,7441,1112,276584,177832,24549,294138,0,2851,2704,25823,4677,48695,48695,63,745,7030,0,-86.3623,43.61234,26625
"COMMUNITY DISTRICT LIBRARY",48817,28263,0,7,1,5.55,2.2,7.75,524370,20726,0,545096,282076,63492,527000,0,39447,10660,82792,6207,94398,94398,1180,8968,17781,3452,-84.1162,42.98186,68192
"SLEEPER PUBLIC LIBRARY",48475,3428,1,0,0,1.28,0.1,1.38,62280,2242,0,98044,-9,8539,83282,4082,5687,1986,15892,1461,20796,20979,30,456,2711,896,-82.9307,43.71013,31166
"SODUS TOWNSHIP LIBRARY",49126,1932,1,0,0,0.68,0.25,0.93,45825,1450,0,51681,-9,5300,52647,0,0,1400,3090,677,7779,7779,46,193,466,772,-86.3664,42.04343,154141
"SOMERSET TOWNSHIP LIBRARY",49282,4623,1,0,0.4,1.7,1.61,3.31,175782,5151,0,193315,102802,25852,205868,0,20181,2288,24895,3128,34930,34933,168,2729,3539,2413,-84.4064,42.04944,45749
"SOUTH HAVEN MEMORIAL LIBRARY",49090,8386,1,0,1.3,6.1,1.03,7.13,334596,8538,0,353179,212172,29171,357920,93458,2955,2808,66427,7118,55715,55715,108,2739,12548,5436,-86.2711,42.40236,75448
"SALEM-SOUTH LYON DISTRICT LIBRARY",48178,16753,1,0,3.88,7.43,15.78,23.21,1432682,17881,0,1581265,746605,161228,1340906,0,105271,3261,170429,9421,251002,303160,458,10074,58116,42622,-83.6489,42.42895,370963
"SOUTHFIELD PUBLIC LIBRARY",48076,75814,1,0,16,16,11.28,27.28,7606550,84317,0,8036533,1773196,314807,4719829,0,2036200,2496,98947,23816,344063,344063,506,18080,67282,0,-83.2408,42.48251,1259201
"SPARTA CARNEGIE TOWNSHIP LIBRARY",49345,9110,1,0,0,2.63,0.28,2.91,217399,5959,0,236396,135345,38894,226270,0,6225,2340,29250,2671,38697,63002,100,2235,5154,8398,-85.7071,43.16217,653786
"SPIES PUBLIC LIBRARY",49858,9645,1,0,1,1,5.69,6.69,405302,6687,0,455826,216501,51926,460322,0,16400,2583,53551,4979,74826,77121,128,3560,8341,4421,-87.6051,45.10721,22983
"SPRINGFIELD TOWNSHIP LIBRARY",48350,13940,1,0,2.48,5.7,3.5,9.2,600096,9118,0,634214,361082,70415,622908,0,1500,2506,41518,3983,86582,88884,298,7300,2343,14167,-83.5473,42.75099,1259201
"SAINT CHARLES DISTRICT LIBRARY",48655,7798,1,0,0,1.5,2.45,3.95,198118,5100,0,231899,99483,31211,186546,85013,289770,2236,27045,3019,34568,34568,88,1198,1951,2200,-84.1403,43.29666,190800
"SAINT CLAIR COUNTY LIBRARY SYSTEM",48060,160312,1,10,12.75,21.19,49.96,71.15,4541577,146010,0,4931301,2474857,548485,4786277,0,188073,29668,526968,61350,606065,741240,2509,37239,88399,32577,-82.4212,42.97868,159337
"SAINT CLAIR SHORES PUBLIC LIBRARY",48081,59715,1,0,6,6.6,9,15.6,1356905,43790,0,1452448,601580,100933,1415472,0,0,3048,148147,30703,228608,290462,631,22265,18586,47390,-82.8884,42.49649,874759
"SAINT IGNACE PUBLIC LIBRARY",49781,4434,1,0,0,1,1.3,2.3,243041,2900,0,245941,68000,17924,162978,0,11050,2392,18347,1923,14305,14519,60,918,5048,5673,-84.7177,45.86063,10787
"STAIR DISTRICT LIBRARY",49256,4046,1,0,0.28,1.8,0.75,2.55,144392,2805,0,166949,65573,14864,138014,0,2869,1654,16035,1975,14609,14752,206,5464,2689,2220,-84.218,41.71953,98266
"STERLING HEIGHTS PUBLIC LIBRARY",48313,129699,1,0,11.75,11.75,15,26.75,2370495,89919,7801,2593040,1358531,239240,2593041,80186,80186,2969,241302,66043,565478,589167,591,27721,49001,152261,-83.0111,42.59102,874759
"STURGIS DISTRICT LIBRARY",49091,17937,1,0,1.63,3.5,5,8.5,547388,14234,0,697897,281951,50681,616631,0,22054,2620,58892,4214,52498,53550,132,5960,10930,2295,-85.4203,41.80064,61043
"SUNFIELD DISTRICT LIBRARY",48890,2387,1,0,0,0.9,0.8,1.7,96281,1561,0,104480,-9,13144,121658,0,205,1408,9956,1186,13126,13126,12,544,497,121,-84.9947,42.76244,109826
"SURREY TOWNSHIP PUBLIC LIBRARY",48622,9301,1,0,1,1,4,5,218945,0,0,219606,138170,21212,214145,0,23089,2600,30554,5992,15476,15476,84,5589,21834,0,-84.8666,43.83602,30757
"SUTTONS BAY-BINGHAM DISTRICT LIBRARY",49682,5479,1,0,1,1,1.58,2.58,218822,5151,0,226314,123240,26324,236418,15722,42310,2262,21902,4549,25502,25502,68,1557,10801,3934,-85.6489,44.97795,21764
"TAHQUAMENON AREA PUBLIC LIBRARY",49868,7851,1,0,0,1,2.45,3.45,151799,3586,986,160066,107752,19795,161004,0,7687,2805,41139,2475,17463,17463,124,1233,19900,5306,-85.5098,46.35063,6283
"TAMARACK DISTRICT LIBRARY",48850,10250,1,0,1,1.5,3.95,5.45,324208,7106,4738,368548,185493,35299,351136,130276,20293,2340,43988,2628,33835,35031,214,3409,4264,13866,-85.2729,43.43941,63968
"TAYMOUTH TOWNSHIP LIBRARY",48417,6680,1,0,0,0.88,0.55,1.43,61279,2467,0,66017,-9,13900,73218,2391,2609,1508,4685,4620,4834,4834,14,1132,784,150,-83.907,43.23604,190800
"TECUMSEH DISTRICT LIBRARY",49286,18134,1,0,3,6,5.45,11.45,781183,12572,0,793755,412349,103781,790400,0,885,2704,162249,7632,74335,85368,197,4810,9262,0,-83.9437,42.00568,98266
"TEKONSHA TOWNSHIP PUBLIC LIBRARY",49092,1873,1,0,0,0.65,0.23,0.88,56750,1225,0,62561,-9,5369,38774,0,22380,1277,8443,1195,4618,5034,43,549,1183,1923,-84.9875,42.09108,134487
"THEODORE A. CUTLER MEMORIAL LIBRARY",48880,10662,1,0,1,2.46,0.9,3.36,242150,7557,0,267520,96737,16342,188002,0,0,2548,30500,3719,21685,21759,179,3309,4462,8756,-84.6106,43.40504,40599
"THOMAS TOWNSHIP LIBRARY",48609,11985,1,0,1,2,3.38,5.38,417406,7839,0,448340,187395,49027,328770,0,0,2794,30780,11532,49316,49340,67,1100,5024,427,-84.0754,43.41892,190800
"THOMPSON HOME PUBLIC LIBRARY",48847,8147,1,0,0,2.63,0.15,2.78,195326,5648,450,214439,69515,19261,147007,0,0,2252,27800,7871,24733,24733,118,3238,2306,1095,-84.6085,43.29162,40599
"THORNAPPLE KELLOGG SCHOOL AND COMMUNITY LIBRARY",49333,16881,1,0,1,1.2,0.2,1.4,209870,12379,0,225575,-9,8948,169970,12836,12836,2350,6630,3545,33390,33390,26,1249,1275,255,-85.4863,42.7072,61157
"THREE OAKS TOWNSHIP PUBLIC LIBRARY",49128,4576,1,0,0,0.8,0.8,1.6,179949,3127,0,187646,-9,18701,134937,0,3190,2078,5044,2099,19369,19369,79,410,4420,10920,-86.6104,41.80118,154141
"THREE RIVERS PUBLIC LIBRARY",49093,14253,1,0,1.73,2.73,6.26,8.99,393946,5187,0,726775,227311,51069,497365,5187,437240,3031,96104,7125,73197,80327,570,8770,19744,8659,-85.6447,41.9425,61043
"TOPINABEE PUBLIC LIBRARY",49791,1652,1,0,0,0.95,0,0.95,40827,858,0,41685,-9,5756,50878,0,3182,1664,4630,830,16805,16805,10,457,1675,1225,-84.5914,45.48437,25413
"TRAVERSE AREA DISTRICT LIBRARY",49686,97396,1,2,7.5,8.5,42.15,50.65,4819603,107390,1500,5247655,2139422,538610,4874243,0,130283,8135,589791,64577,1109468,1185130,1321,36344,66683,159582,-85.6075,44.75627,92573
"TROY PUBLIC LIBRARY",48084,80980,1,0,15.5,15.5,33.13,48.63,3348347,86051,0,3550376,1520105,595000,3731725,773913,773912,2860,406455,58598,1189504,1290314,774,38108,34354,83827,-83.1543,42.5624,1259201
"UTICA PUBLIC LIBRARY",48317,4757,1,0,0,1.5,1.35,2.85,231729,4992,0,247332,96102,17900,204209,0,12612,2046,20483,1968,31121,31277,73,1037,2156,4823,-83.0366,42.62594,874759
"VAN BUREN DISTRICT LIBRARY",49045,44265,1,6,3.43,10,17.3,27.3,1989430,28283,0,2211430,1067668,236725,1957247,0,84931,16862,179324,18652,313108,331119,1820,18351,27657,17410,-85.9752,42.10967,75448
"VERMONTVILLE TOWNSHIP LIBRARY",49096,3895,1,0,0,1.68,0,1.68,72484,2547,0,86469,-9,12281,87769,0,0,1664,11352,2377,10338,10338,95,1563,1822,5165,-85.0242,42.62744,109826
"VERNON DISTRICT PUBLIC LIBRARY",48476,4614,1,0,0,0.8,0.83,1.63,66105,3018,0,78464,-9,6724,75602,0,0,1976,2886,1020,8268,10493,31,686,1251,821,-84.0316,42.93925,68192
"CHIPPEWA RIVER DISTRICT LIBRARY SYSTEM",48858,51640,1,4,6,9,18.8,27.8,2150083,33778,0,2313365,1056419,248519,2091525,0,123044,10552,236269,10996,324537,324537,1130,25872,49036,50190,-84.7753,43.60251,70562
"VICKSBURG DISTRICT LIBRARY",49097,12238,1,0,1.88,2.63,3.86,6.49,307975,7201,757,335525,219502,28954,362817,55000,43611,2932,36541,5602,59416,59416,235,5827,6317,7766,-85.5338,42.11856,264870
"WAKEFIELD PUBLIC LIBRARY",49968,2156,1,0,0,0.9,0.15,1.05,82706,1722,237,89252,-9,8785,87325,0,0,1494,7176,622,9137,9137,102,729,1437,2144,-89.9423,46.47475,15096
"WALDRON DISTRICT LIBRARY",49288,2475,1,0,0,0.88,0.73,1.61,55929,1716,0,74594,-9,5534,66171,226,226,1631,6747,719,8809,8809,153,1236,1610,1108,-84.4188,41.72798,45749
"WALKERVILLE PUBLIC/SCHOOL LIBRARY",49459,1968,1,0,0.4,0.4,0,0.4,24662,1443,0,26105,-9,1056,26105,0,0,832,600,25,4800,4800,1,20,100,0,-86.1216,43.715089999999996,26625
"WALLED LAKE CITY LIBRARY",48390,6999,1,0,2.2,2.2,1.75,3.95,340784,4852,2436,359710,147905,47359,332825,0,2154,2741,35358,2366,46255,46255,84,1367,13377,2051,-83.4723,42.53893,1259201
"WALTON ERICKSON PUBLIC LIBRARY",49336,9514,1,0,0,0.93,0.93,1.86,71042,6596,0,95082,-9,10823,78556,2000,681,1732,9724,11380,21399,21401,37,534,5200,940,-85.4435,43.54372,43545
"SPRING LAKE DISTRICT LIBRARY",49456,18260,1,0,4.15,7.7,10.35,18.05,1493568,13837,0,1610720,683315,135118,1386933,0,39964,3052,160409,7488,233693,236095,445,13799,14862,7900,-86.1955,43.07565,290494
"WARREN PUBLIC LIBRARY",48093,134056,1,3,9,13.43,14.83,28.26,4505966,87686,0,4697038,1400235,353556,4111951,0,164468,9799,288043,72578,456605,482706,872,18827,73527,104380,-83.0253,42.51127,874759
"WATERFORD TOWNSHIP PUBLIC LIBRARY",48329,71997,1,0,10,10,12.1,22.1,1947254,47093,0,2076229,1043422,184741,2060562,0,15667,2898,616181,22112,266484,293630,467,10824,62390,15216,-83.3894,42.66985,1259201
"WATERTOWN TOWNSHIP LIBRARY",48435,2202,1,0,0,0.7,0,0.7,14271,2374,0,17465,-9,2400,15906,0,0,1456,5439,520,7538,7538,9,357,419,0,-83.372,43.25002,52516
"WATERVLIET DISTRICT LIBRARY",49098,4837,1,0,0.8,0.8,2.68,3.48,231311,3353,0,247046,107035,24885,176959,8215,11730,2444,35096,7208,37116,37116,247,2493,5217,5596,-86.2601,42.188720000000004,154141
"WEST BLOOMFIELD TOWNSHIP PUBLIC LIBRARY",48323,71755,1,1,14.35,15.9,21,36.9,5054273,49747,0,5529531,1805325,1241172,4667291,0,189990,7393,1067112,69004,2929062,3058935,1435,66897,110574,154454,-83.3733,42.5572,1259201
"WEST BRANCH DISTRICT LIBRARY",48661,9138,1,0,1,1,3.25,4.25,280498,6335,0,292725,141807,21209,295994,0,0,2236,51000,1420,57839,57839,214,5918,19000,364,-84.2397,44.27661,20952
"WEST IRON DISTRICT LIBRARY",49935,7370,1,0,0,1,5.58,6.58,425883,8878,0,449233,276140,52700,488039,3048,52428,2518,52929,5252,61755,62035,257,7142,6242,8779,-88.6375,46.09149,11117
"WHEATLAND TOWNSHIP LIBRARY",49340,2913,1,0,0,1.33,0,1.33,73783,2019,0,81190,-9,9021,58435,0,0,1588,4952,2483,3633,3633,8,104,728,320,-85.1472,43.59756,43545
"WHITE LAKE TOWNSHIP LIBRARY",48383,30019,1,0,6.6,8.33,5.75,14.08,1137779,19635,0,1209792,597892,164539,1109104,0,9933,2808,76567,9536,184013,194767,431,13315,15439,4229,-83.5117,42.64928,1259201
"WHITE PIGEON TOWNSHIP LIBRARY",49099,5240,1,0,0,3.16,0,3.16,205901,3632,0,236312,136593,16141,216552,0,78133,2616,23853,1867,30472,30472,144,3205,6436,2749,-85.6431,41.79825,61043
"WHITE PINE DISTRICT LIBRARY",48888,10014,1,0,0.75,0.75,2.88,3.63,186155,12229,0,234007,112851,30438,222293,0,7377,2092,29897,7155,35010,35010,86,3117,2578,241,-85.0812,43.29137,63968
"WHITEFISH TOWNSHIP COMMUNITY LIBRARY",49768,575,1,0,0.55,0.55,0.35,0.9,43460,427,0,49955,-9,13942,50061,0,809,1560,5240,711,6967,7974,49,469,568,152,-85.0387,46.61194,37517
"WHITE LAKE COMMUNITY LIBRARY",49461,11811,1,0,1,4.63,2.58,7.21,321681,7726,976,370952,204357,28413,367110,127145,154716,2693,74266,3389,119991,119991,318,7333,8288,12268,-86.3428,43.38553,173588
"WILLARD PUBLIC LIBRARY",49017,89779,1,1,11,19,28.3,47.3,4608398,111366,0,6246148,2353039,1024485,5944839,0,128923,6311,505969,35458,892586,1027127,569,21985,79392,147433,-85.1803,42.32118,134487
"AITKIN MEMORIAL DISTRICT LIBRARY",48422,7410,1,0,1,1.73,1.4,3.13,241878,5137,0,265060,94143,36492,214821,0,25486,2360,24810,8532,25231,28717,238,1452,6320,32321,-82.622,43.28069,41182
"DOROTHY HULL LIBRARY - WINDSOR TOWNSHIP",48821,6838,1,0,1.28,1.28,0.6,1.88,89845,4472,0,101698,-9,15822,103650,0,1884,1846,9954,2006,13359,13410,18,123,1481,1047,-84.6547,42.64633,109826
"WIXOM PUBLIC LIBRARY",48393,13498,1,0,5.43,5.53,4.45,9.98,751280,9898,0,877344,355189,90305,848529,0,0,2724,80813,6214,145884,145884,275,5953,27353,9870,-83.5329,42.52438,1259201
"WOLVERINE COMMUNITY LIBRARY",49799,2738,1,0,0,0.88,0.35,1.23,77348,1898,0,79246,-9,13352,61411,0,6628,1820,9732,306,8109,8109,14,427,1426,0,-84.6043,45.27316,25413
"GEORGE W. SPINDLER MEMORIAL LIBRARY",48897,2047,1,0,0,0.5,0.1,0.6,24179,0,0,28443,-9,7787,37401,0,0,1040,2322,245,3136,3136,39,224,129,1667,-85.1341,42.72885,61157
"YPSILANTI DISTRICT LIBRARY",48197,82974,1,2,18.5,18.5,26.3,44.8,3289786,60847,89412,3552526,1799519,306496,3563482,0,182606,9256,372038,37949,627962,694217,3302,62578,164757,29291,-83.616,42.20783,370963
"HOWARD MILLER LIBRARY",49464,22115,1,0,1,7.58,1.4,8.98,726194,23633,0,824455,337421,77698,776385,37672,57918,2688,93815,6920,238390,240948,293,6687,6045,31812,-86.014,42.81193,290494
"NORTHFIELD TOWNSHIP AREA LIBRARY",48189,8354,1,0,0,3,3.31,6.31,537596,7500,0,560063,272523,28371,438863,0,40432,2652,25301,7292,43983,48941,290,5262,21301,44876,-83.7645,42.42261,370963
"REESE UNITY DISTRICT LIBRARY",48757,5523,1,0,0.88,2.85,0.03,2.88,256977,3613,0,264962,89329,27978,156805,31528,13999,2392,8476,2240,24401,24401,108,1034,1558,412,-83.6964,43.44914,52516
"CLINTON-MACOMB PUBLIC LIBRARY",48038,169833,1,2,24.63,24.63,35.5,60.13,7587653,111087,0,7787764,2631297,979641,6087679,0,573960,10608,682624,126054,1838124,1895939,1430,74685,109563,48394,-82.9321,42.59889,874759
"MASON COUNTY DISTRICT LIBRARY",49431,28646,1,1,1,2.88,13.43,16.31,1048887,18737,22412,1194385,515099,110073,1064577,0,48076,6286,197664,16115,273697,276764,1482,27568,60388,60744,-86.4461,43.95559,29100
"REDFORD TOWNSHIP DISTRICT LIBRARY",48240,48362,1,0,7.48,9.5,11.95,21.45,2080241,31633,0,2286872,809216,193869,1740546,0,92507,2904,161525,15972,226504,271217,363,8967,34989,122374,-83.2895,42.4142,1753893
"WAYNE PUBLIC LIBRARY",48184,17593,1,0,2.5,2.5,3.89,6.39,378548,12901,3899,419752,202455,21911,461054,0,0,1589,39520,3852,35977,35977,45,1190,11555,4308,-83.3838,42.28055,1753893
"ADDISON TOWNSHIP PUBLIC LIBRARY",48367,6351,1,0,1.4,1.4,2.4,3.8,260885,4657,2489,293344,109033,27539,238936,0,0,2704,21973,1988,31441,33660,146,1161,734,1252,-83.1475,42.82132,1259201
"ADRIAN DISTRICT LIBRARY",49221,21133,1,0,3,3,5.9,8.9,931554,7692,0,959174,338187,112621,822447,0,54612,2760,114473,9091,69698,76061,204,6022,18030,19832,-84.0354,41.89857,98266
"ALANSON AREA PUBLIC LIBRARY",49706,11600,1,0,1,1,1.45,2.45,84655,4694,0,112586,68825,12345,124262,0,2429,2184,16059,2017,17408,18707,39,471,1864,698,-84.7899,45.44024,33308
"ALBION DISTRICT LIBRARY",49224,11569,1,0,1.75,1.75,7.43,9.18,694929,44534,0,789291,298423,23684,612450,0,0,2214,58642,2804,58706,58706,540,7514,15596,4103,-84.7529,42.24205,134487
"ALCONA COUNTY LIBRARY",48740,9706,1,3,1,2.75,5.73,8.48,439103,6349,0,478888,261412,50764,478888,0,68704,5907,52365,3173,60687,60687,320,3934,7011,19152,-83.2995,44.65644,10362
"ALLEGAN DISTRICT LIBRARY",49010,17401,1,0,2.8,4.8,4.13,8.93,1128796,12064,0,1156756,316944,51692,522219,2103112,2048550,3108,74478,8712,64230,70405,252,4901,29665,13600,-85.8523,42.52778,117327
"ALLENDALE TOWNSHIP LIBRARY",49401,28283,1,0,2,4.2,0.7,4.9,346421,20341,0,384268,164801,91345,384268,0,14669,3120,89094,6674,171830,177772,422,9828,9316,12973,-85.9385,42.97373,290494
"ALMA PUBLIC LIBRARY",48801,11902,1,0,2,4,1.13,5.13,535550,8251,0,575181,235193,75045,589697,0,0,3137,97376,16508,47710,51909,3292,30814,15722,78575,-84.6556,43.37891,40599
"ALPENA COUNTY LIBRARY",49707,29598,1,0,1,8.26,7.93,16.19,1057214,30277,1600,1170972,546058,74800,1023704,4920,96756,3332,124845,10808,94074,114774,432,9407,10908,4629,-83.431,45.06201,28360
"WILLIAM P. FAUST PUBLIC LIBRARY OF WESTLAND",48185,84094,1,0,12.9,12.9,24.03,36.93,3047327,63347,0,3255151,1361692,251699,2886379,0,72821,3458,202360,25134,247838,254796,899,23187,76594,86012,-83.3996,42.32923,1753893
"CHESTERFIELD TOWNSHIP LIBRARY",48051,43381,1,0,5.07,5.12,8.11,13.23,1044945,28375,0,1237696,499224,108213,1110485,12386,44999,2602,79131,18474,171626,171846,388,10570,8661,20139,-82.8394,42.67076,874759
"CURTIS TOWNSHIP LIBRARY",48737,1236,1,0,0,1.15,0,1.15,39224,808,1223,44133,-9,4283,41984,0,2014,1150,3971,679,5995,5995,7,511,1081,2316,-83.7241,44.56063,10362
"MCBAIN COMMUNITY LIBRARY",49657,5841,1,0,0,0.94,1.3,2.24,132449,2775,0,135224,61841,20774,121365,0,3956,2638,33030,5712,34824,34824,511,11840,1103,220,-85.2133,44.19387,15113
"FLAT ROCK PUBLIC LIBRARY",48134,17823,1,0,2.1,2.1,2.95,5.05,445133,8700,0,467033,194071,35640,556911,0,4585,2288,107661,3759,53910,75256,181,2403,8138,0,-83.2773,42.09458,1753893
"LEIGHTON TOWNSHIP LIBRARY",49335,4934,1,0,0.45,3.38,0.33,3.71,256465,5293,3800,280075,109031,41724,210588,0,6043,2004,29368,1674,65556,65556,214,2948,4773,2312,-85.6606,42.74352,117327
"SALEM TOWNSHIP LIBRARY",49314,7357,1,0,0,3.55,0.35,3.9,215067,6596,1838,235025,97358,27825,154704,0,19474,2145,19928,1958,55986,55986,126,2832,2247,3437,-85.8412,42.72464,117327
"CAPITAL AREA DISTRICT LIBRARY",48933,238859,1,12,39.88,39.88,95.75,135.63,10492989,267948,0,11387509,5562906,1588619,11786550,0,1191920,34534,1106498,75248,2936396,2996566,3594,67752,193074,210374,-84.5538,42.72994,292735
"DEARBORN HEIGHTS CITY LIBRARIES",48127,57774,1,1,9.5,9.5,9.88,19.38,2391437,21028,0,2468354,741897,145703,1533132,0,541894,5167,304000,16850,207843,208356,1291,18172,97639,24125,-83.2794,42.33167,1753893
"COMMERCE TOWNSHIP COMMUNITY LIBRARY",48382,40186,1,0,10.78,10.78,9,19.78,1796259,26755,0,1844348,612645,198924,1707768,0,500853,3124,151617,15157,312339,314139,833,25065,13010,18852,-83.4791,42.5913,1259201
"RAY TOWNSHIP PUBLIC LIBRARY",48096,3739,1,0,0,0.41,0.68,1.09,77122,0,0,81817,-9,7333,52632,0,73470,1558,6744,945,16439,16973,29,392,483,1778,-82.9282,42.76976,874759
"SCHULTZ-HOLMES MEMORIAL LIBRARY",49228,7272,1,0,0,1,2.43,3.43,235321,5333,0,258995,125186,29449,274115,0,0,2002,29471,3406,24929,25435,151,3157,2082,93,-83.867,41.84547,98266
"CROTON TOWNSHIP LIBRARY",49337,3228,1,0,0,1.03,0.81,1.84,63916,2111,0,113892,-9,16933,69813,0,1673,1222,6782,1412,14634,14634,97,1248,1324,213,-85.6613,43.43816,48892
"BELLEVILLE AREA DISTRICT LIBRARY",48111,42361,1,0,6.23,6.23,8.69,14.92,2145431,29368,4795,2220718,544033,114080,1045423,119181,1292524,2973,104319,11235,181992,181992,261,9730,32832,15979,-83.4911,42.20777,1753893
"LEANNA HICKS PUBLIC LIBRARY OF INKSTER",48141,25369,1,0,0.98,0.99,4.09,5.08,397932,18604,7299,494895,102835,1525,270998,0,299520,1866,9896,6942,5839,5839,130,1064,12982,0,-83.3105,42.30369,1753893
"SHERMAN TOWNSHIP LIBRARY",48893,5635,1,0,0,1,0.95,1.95,106968,3431,0,113519,-9,10762,91649,0,3635,1976,9730,1589,15763,15763,62,485,2104,2941,-84.9781,43.68878,70562
"ROMULUS PUBLIC LIBRARY",48174,39868,1,0,2.73,2.73,4.08,6.81,715350,27640,0,776334,209569,72344,569989,0,12962,2697,59041,9265,56431,58116,204,3997,21758,2542,-83.3853,42.22158,1753893
"SOUTHGATE VETERANS MEMORIAL LIBRARY",48195,30047,1,0,3,3,3.6,6.6,583951,20831,0,636073,204945,71974,553612,0,20220,2507,95710,5844,100798,100945,134,500,22338,4324,-83.2061,42.20329,1753893
"HARRISON TOWNSHIP PUBLIC LIBRARY",48045,24587,1,0,2.08,2.08,2.9,4.98,448117,16082,0,471088,176441,59164,316827,0,0,2116,38286,4326,44891,45071,233,4207,4246,0,-82.8509,42.57926,874759
"GOODLAND TOWNSHIP LIBRARY",48444,1828,1,0,0,0.75,0,0.75,66449,0,0,66899,-9,6350,47540,1267,2200,1040,924,202,972,972,24,249,40,25,-83.072,43.10521,88028
"SEBEWAING TOWNSHIP LIBRARY",48759,4038,1,0,0,0.88,0.95,1.83,103018,2641,0,147794,-9,9714,107912,0,8754,1716,25000,1744,19594,19594,29,1390,1362,1825,-83.4513,43.7326,31166
"DELTA TOWNSHIP DISTRICT LIBRARY",48917,32799,1,0,4,9.9,5.85,15.75,1493659,21454,0,1599650,629837,88582,1718406,48664,0,2808,157355,29832,277526,294128,801,17154,24897,49724,-84.6203,42.74682,109826
"ASHLEY DISTRICT LIBRARY",48806,3248,1,0,0,0.75,0.13,0.88,65138,2251,0,68139,-9,6275,23312,2803,26793,1308,13763,635,8478,8478,48,210,4686,914,-84.4741,43.18672,40599
"PATMOS LIBRARY",49427,7034,1,0,0,3.6,1.3,4.9,162425,7512,0,186607,91978,20001,188070,40000,2555,1912,25224,4562,86083,90725,120,2242,973,5755,-85.8433,42.82608,290494
"ALLEN PARK PUBLIC LIBRARY",48101,28210,1,0,1.68,1.68,8.88,10.56,693359,20687,0,725450,336485,101148,657344,0,16519,2461,250755,5351,90152,149648,434,4237,13599,4438,-83.2179,42.24968,1753893
"MELVINDALE PUBLIC LIBRARY",48122,10715,1,0,1.41,1.95,0.54,2.49,197984,7857,0,217090,75000,10510,156466,0,0,1825,8116,2179,15119,15119,66,894,6438,610,-83.1892,42.27981,1753893
"RIVER ROUGE PUBLIC LIBRARY",48218,7903,1,0,1.25,1.25,0.33,1.58,157500,5479,0,327789,-9,4876,172802,0,56995,1572,15756,1797,7165,7205,45,1217,5419,725,-83.1336,42.2723,1753893
"TRENTON VETERANS MEMORIAL LIBRARY",48183,72726,1,0,4,5,5.13,10.13,1041870,53332,0,1152927,348242,99101,757136,0,196,3182,228432,17405,163980,168892,208,2959,19322,8460,-83.2055,42.14419,1753893
"ECORSE PUBLIC LIBRARY",48229,9512,1,0,0.73,0.73,0.73,1.46,198945,6000,0,211745,-9,34520,220603,0,0,1342,6963,2155,9935,9935,10,42,3010,399,-83.1422,42.24836,1753893
"FRUITPORT DISTRICT LIBRARY",49415,13598,1,0,0.28,0.68,0.53,1.21,362889,1524,0,369137,-9,122780,203673,0,1858,2077,9492,1416,32310,32310,35,547,542,10593,-86.1554,43.12436,173588
"MARENISCO TOWNSHIP LIBRARY",49947,1727,1,0,0.13,1.11,0.73,1.84,93109,1212,0,98679,-9,12577,101919,0,10387,936,9435,934,12809,12809,95,1214,1814,970,-89.6944,46.38243,15096
"TAYLOR COMMUNITY LIBRARY",48180,63131,1,0,4,4,9.78,13.78,1084609,87368,4387,1210550,481568,121357,1031328,0,0,2847,119600,12529,118005,124401,183,4413,18416,14900,-83.254,42.21696,1753893
"LINCOLN PARK PUBLIC LIBRARY",48146,38144,1,0,2,2,2.5,4.5,350116,26445,0,380092,145918,43000,284070,0,51750,2500,16241,8302,31255,33562,158,2065,9637,2179,-83.1792,42.25063,1753893
"BATH TOWNSHIP PUBLIC LIBRARY",48808,11598,1,0,1.75,2.5,1.1,3.6,74000,0,0,75401,34570,6000,71673,0,12027,1872,7601,1233,5934,5934,390,1466,3062,1500,-84.4483,42.8128,79332
